name,strains_print,color
1924,nobody,#b0b0b0
1926,nobody,#b0b0b0
6308,"s7, s9",#b0b0b0
18054,nobody,Yellow
19100,nobody,#b0b0b0
19102,nobody,#b0b0b0
19556,nobody,#b0b0b0
19572,nobody,#b0b0b0
20152,nobody,Yellow
26948,s7(4),#b0b0b0
37286,nobody,#b0b0b0
41556,nobody,#b0b0b0
46552,"s7, s9, s5",Lime
46554,"s7, s9(3)",#b0b0b0
47888,nobody,#b0b0b0
61404,nobody,#b0b0b0
72464,nobody,Yellow
76332,"s7, s5",Lime
85276,nobody,#b0b0b0
89534,s9,Yellow
89902,s5(2),Green
94116,s5,Lime
98704,nobody,#b0b0b0
102714,s5,Lime
105326,nobody,#b0b0b0
109452,nobody,#b0b0b0
110802,"s7(2), s5",Green
127704,nobody,#b0b0b0
131296,nobody,#b0b0b0
131904,s7(2),#b0b0b0
131906,s7,#b0b0b0
134334,s7(2),#b0b0b0
140092,"s7, s9(3)",#b0b0b0
146072,nobody,#b0b0b0
160344,nobody,#b0b0b0
173912,nobody,#b0b0b0
175268,s5,Lime
182492,nobody,Yellow
183032,nobody,#b0b0b0
188216,nobody,#b0b0b0
189884,nobody,#b0b0b0
192284,nobody,#b0b0b0
193824,nobody,#b0b0b0
203714,nobody,#b0b0b0
213962,nobody,#b0b0b0
214858,nobody,#b0b0b0
215678,nobody,#b0b0b0
215680,s5,Lime
223104,nobody,#b0b0b0
223632,nobody,#b0b0b0
224254,nobody,#b0b0b0
224722,nobody,#b0b0b0
230756,"s7, s5",Lime
243264,"s7, s9, s5",Teal
244714,nobody,#b0b0b0
246586,nobody,#b0b0b0
250712,nobody,#b0b0b0
255314,s9(2),#b0b0b0
255440,s5,Lime
257120,nobody,#b0b0b0
264944,s5,Lime
272624,s7,#b0b0b0
272750,nobody,#b0b0b0
272984,nobody,#b0b0b0
289270,nobody,#b0b0b0
291250,nobody,#b0b0b0
292216,"s7, s9",#b0b0b0
296028,nobody,#b0b0b0
303384,nobody,#b0b0b0
310796,"s7, s5",Lime
310798,s9,#b0b0b0
311980,nobody,#b0b0b0
317180,s7,#b0b0b0
318772,"s9, s5",Lime
325316,"s7, s9",#b0b0b0
326238,nobody,#b0b0b0
326430,nobody,#b0b0b0
328238,s7,#b0b0b0
329092,s9(2),#b0b0b0
329272,s7,#b0b0b0
341500,"s7(3), s9",#b0b0b0
362196,"s7, s5",Lime
363486,nobody,#b0b0b0
375142,"s7, s9(2)",#b0b0b0
377992,nobody,#b0b0b0
378376,nobody,#b0b0b0
379706,nobody,#b0b0b0
380526,nobody,#b0b0b0
387680,s7,#b0b0b0
389672,nobody,#b0b0b0
401322,nobody,#b0b0b0
402172,nobody,#b0b0b0
402846,nobody,#b0b0b0
406924,nobody,#b0b0b0
406926,s9,#b0b0b0
414398,nobody,Yellow
418222,nobody,#b0b0b0
422582,"s9, s5",Lime
422674,nobody,#b0b0b0
429636,s9,#b0b0b0
432460,s9,#b0b0b0
434000,nobody,#b0b0b0
442066,nobody,#b0b0b0
445506,"s7, s9, s5",Lime
445934,nobody,#b0b0b0
446182,nobody,#b0b0b0
447168,nobody,#b0b0b0
447854,s7(2),Orange
447856,s7(5),Orange
450514,nobody,#b0b0b0
450516,nobody,#b0b0b0
451830,"s7, s9",#b0b0b0
456582,s5,Lime
471470,s5,Lime
472358,nobody,#b0b0b0
473134,nobody,#b0b0b0
475734,"s9, s5",Lime
482080,nobody,#b0b0b0
482888,"s7, s9(2)",#b0b0b0
504194,"s7, s5",Lime
505620,nobody,#b0b0b0
506858,nobody,#b0b0b0
507762,s9,#b0b0b0
508856,"s9, s5",Lime
517798,nobody,#b0b0b0
517800,s9,#b0b0b0
521350,s7(3),#b0b0b0
522510,s7,#b0b0b0
522514,s7(2),#b0b0b0
524488,nobody,#b0b0b0
533136,nobody,#b0b0b0
533138,"s7, s5",Teal
533268,nobody,#b0b0b0
534588,nobody,#b0b0b0
537370,nobody,#b0b0b0
546372,s5,Lime
548756,s5,Lime
555282,nobody,#b0b0b0
555284,"s7, s5",Lime
555944,s5,Teal
561434,"s9, s5",Lime
564898,nobody,#b0b0b0
564900,nobody,#b0b0b0
579724,nobody,#b0b0b0
580704,nobody,Yellow
584338,nobody,#b0b0b0
594442,"s7, s5",Lime
598250,s7,#b0b0b0
614938,nobody,#b0b0b0
618854,nobody,#b0b0b0
629748,nobody,#b0b0b0
636354,nobody,#b0b0b0
636478,nobody,#b0b0b0
636480,nobody,#b0b0b0
640618,nobody,#b0b0b0
642424,"s7, s5",Lime
642426,s9,#b0b0b0
642606,s9(2),Orange
642784,nobody,#b0b0b0
648310,"s7, s5",Lime
652064,nobody,#b0b0b0
652066,"s9, s5",Teal
654366,"s9, s5",Lime
656148,nobody,#b0b0b0
656780,nobody,#b0b0b0
662306,nobody,#b0b0b0
664488,s7(3),Orange
666128,nobody,#b0b0b0
667062,nobody,#b0b0b0
667224,s7,#b0b0b0
668060,nobody,#b0b0b0
673118,nobody,#b0b0b0
673240,nobody,#b0b0b0
683294,"s9, s5",Lime
683868,"s7, s9(2)",#b0b0b0
685674,"s9, s5",Lime
688998,nobody,#b0b0b0
693124,s7,#b0b0b0
696376,nobody,#b0b0b0
696570,nobody,#b0b0b0
699306,nobody,#b0b0b0
701372,nobody,#b0b0b0
708460,nobody,#b0b0b0
716144,s5,Lime
716146,s7,#b0b0b0
719032,s5,Lime
720630,"s7, s5",Lime
721836,nobody,#b0b0b0
733230,nobody,#b0b0b0
733304,nobody,#b0b0b0
733940,nobody,#b0b0b0
733942,s9,#b0b0b0
743010,nobody,#b0b0b0
743394,nobody,#b0b0b0
748710,"s7, s5",Lime
749452,nobody,#b0b0b0
749454,nobody,#b0b0b0
750322,s5,Lime
751588,nobody,#b0b0b0
753340,nobody,#b0b0b0
754792,"s9(5), s5",Green
756454,nobody,#b0b0b0
767906,nobody,#b0b0b0
776946,nobody,#b0b0b0
783820,s7(2),#b0b0b0
786128,s7(2),#b0b0b0
790998,nobody,#b0b0b0
800284,s5,Lime
805660,"s7, s9(2)",#b0b0b0
809070,nobody,#b0b0b0
824028,s7,#b0b0b0
828112,nobody,#b0b0b0
829632,nobody,#b0b0b0
831256,nobody,#b0b0b0
832228,nobody,#b0b0b0
834618,s9,#b0b0b0
834620,"s7, s5",Lime
841122,nobody,#b0b0b0
842334,nobody,#b0b0b0
842336,s9,#b0b0b0
843772,s7,#b0b0b0
846872,s7,#b0b0b0
856806,s5(2),Green
858356,nobody,#b0b0b0
858982,s7(2),#b0b0b0
861448,nobody,#b0b0b0
863838,nobody,#b0b0b0
864430,nobody,#b0b0b0
864432,nobody,#b0b0b0
874534,s9,#b0b0b0
874818,nobody,#b0b0b0
876098,"s9, s5(2)",Green
881966,nobody,#b0b0b0
884642,"s7, s9, s5",Lime
886464,"s7, s9",#b0b0b0
902088,"s7, s9, s5",Lime
902326,"s7, s5",Lime
913366,nobody,#b0b0b0
920426,"s7, s5",Lime
922098,"s7, s9",#b0b0b0
922428,s7,Yellow
924810,nobody,#b0b0b0
925670,nobody,#b0b0b0
936446,nobody,#b0b0b0
937036,s9(2),#b0b0b0
937040,"s7, s9",#b0b0b0
943910,nobody,#b0b0b0
944790,"s7, s9",#b0b0b0
955420,nobody,#b0b0b0
957132,nobody,#b0b0b0
963144,nobody,#b0b0b0
964990,s7,#b0b0b0
966484,s7,#b0b0b0
968170,"s7, s9, s5",Lime
974684,nobody,#b0b0b0
981572,nobody,#b0b0b0
983042,nobody,#b0b0b0
986752,s9(2),#b0b0b0
986838,nobody,#b0b0b0
989006,nobody,#b0b0b0
990714,nobody,#b0b0b0
1004694,nobody,#b0b0b0
1005690,nobody,#b0b0b0
1007216,s7(2),#b0b0b0
1011618,nobody,#b0b0b0
1011620,nobody,#b0b0b0
1014674,nobody,#b0b0b0
1029092,nobody,#b0b0b0
1030350,nobody,#b0b0b0
1030836,nobody,#b0b0b0
1032224,nobody,#b0b0b0
1047226,s5,Lime
1048444,nobody,#b0b0b0
1048446,nobody,#b0b0b0
1057246,s9(2),#b0b0b0
1063668,nobody,#b0b0b0
1074006,nobody,#b0b0b0
1076706,nobody,#b0b0b0
1076708,s9,#b0b0b0
1077116,"s7, s9",#b0b0b0
1080796,nobody,#b0b0b0
1085664,nobody,#b0b0b0
1088300,nobody,#b0b0b0
1089756,"s7, s5",Lime
1093056,s5,Lime
1093058,"s7, s9",#b0b0b0
1101978,s5,Teal
1110030,"s7, s9, s5",Lime
1110074,"s7, s9",#b0b0b0
1116028,s9(4),#b0b0b0
1116336,s9(2),#b0b0b0
1130180,nobody,#b0b0b0
1131072,nobody,#b0b0b0
1131550,nobody,#b0b0b0
1133854,s5,Lime
1135644,nobody,#b0b0b0
1150424,s7(2),#b0b0b0
1150706,nobody,#b0b0b0
1156174,"s7, s5",Lime
1160764,"s7, s9, s5",Lime
1163470,s9,#b0b0b0
1167784,nobody,#b0b0b0
1184412,nobody,#b0b0b0
1185032,nobody,#b0b0b0
1185728,nobody,#b0b0b0
1186388,nobody,#b0b0b0
1187864,nobody,#b0b0b0
1199928,nobody,#b0b0b0
1219216,"s7, s5",Lime
1219752,s7,#b0b0b0
1219754,s7,#b0b0b0
1221050,nobody,#b0b0b0
1227244,s5,Lime
1232754,nobody,#b0b0b0
1233698,"s7, s9",#b0b0b0
1234270,s9,#b0b0b0
1252044,nobody,#b0b0b0
1253734,nobody,#b0b0b0
1253944,"s7, s5",Lime
1255324,nobody,#b0b0b0
1266794,nobody,#b0b0b0
1270220,nobody,#b0b0b0
1274196,s7,#b0b0b0
1292212,s7(3),#b0b0b0
1292214,s7(2),#b0b0b0
1297684,nobody,#b0b0b0
1297788,nobody,#b0b0b0
1304358,s9(2),#b0b0b0
1313340,s5(2),Green
1315332,nobody,#b0b0b0
1315954,s7,Yellow
1316284,s7(2),#b0b0b0
1318376,nobody,#b0b0b0
1318378,s9,#b0b0b0
1320286,nobody,#b0b0b0
1320288,s9,#b0b0b0
1332154,nobody,#b0b0b0
1332156,nobody,#b0b0b0
1334606,"s9, s5",Teal
1340038,nobody,#b0b0b0
1340040,nobody,#b0b0b0
1366022,s9(2),#b0b0b0
1368474,nobody,#b0b0b0
1368982,"s9, s5",Lime
1376346,nobody,#b0b0b0
1376472,nobody,#b0b0b0
1379920,"s7, s9, s5",Lime
1381530,nobody,#b0b0b0
1383246,nobody,#b0b0b0
1384180,nobody,#b0b0b0
1385844,nobody,#b0b0b0
1385846,s5,Lime
1387262,nobody,#b0b0b0
1395252,nobody,#b0b0b0
1396580,nobody,#b0b0b0
1399778,nobody,#b0b0b0
1402734,s7(2),#b0b0b0
1422340,nobody,#b0b0b0
1428658,"s9(3), s5",Green
1440114,"s7, s9, s5",Lime
1444198,nobody,#b0b0b0
1444200,nobody,#b0b0b0
1455082,s5,Lime
1459602,nobody,#b0b0b0
1464272,nobody,#b0b0b0
1467212,"s9, s5",Lime
1468424,nobody,Yellow
1480790,"s9, s5",Lime
1480936,nobody,#b0b0b0
1502928,nobody,#b0b0b0
1510046,nobody,#b0b0b0
1515138,s5,Lime
1515266,nobody,#b0b0b0
1518744,nobody,#b0b0b0
1526146,nobody,#b0b0b0
1528594,nobody,Yellow
1528596,nobody,#b0b0b0
1528814,nobody,#b0b0b0
1530920,"s7(2), s9",#b0b0b0
1536260,nobody,#b0b0b0
1536982,s7(2),#b0b0b0
4621604,nobody,#b0b0b0
4622044,nobody,#b0b0b0
4622850,nobody,#b0b0b0
4623028,nobody,#b0b0b0
4623861,nobody,Yellow
4632017,nobody,#b0b0b0
4636893,"s7, s9, s5",Lime
4640025,nobody,#b0b0b0
4641609,s7,#b0b0b0
4643781,s5,Lime
4645897,s5,Lime
4647719,nobody,#b0b0b0
4650305,s7,#b0b0b0
4651235,nobody,#b0b0b0
4658189,nobody,#b0b0b0
4658451,s5(2),Green
4674943,nobody,#b0b0b0
4676887,nobody,#b0b0b0
4680217,s7,#b0b0b0
4684975,s5,Lime
4686925,nobody,#b0b0b0
4688803,nobody,#b0b0b0
4688817,nobody,#b0b0b0
4689069,nobody,#b0b0b0
4691195,"s7, s9, s5",Lime
4691691,nobody,#b0b0b0
4691819,nobody,#b0b0b0
4691822,nobody,#b0b0b0
4692214,nobody,#b0b0b0
4693360,nobody,#b0b0b0
4694480,s5,Lime
4695274,nobody,#b0b0b0
4695870,nobody,#b0b0b0
4695988,nobody,#b0b0b0
4697916,nobody,#b0b0b0
4698722,nobody,#b0b0b0
4699242,nobody,#b0b0b0
4699448,nobody,#b0b0b0
4699458,nobody,#b0b0b0
4699718,nobody,#b0b0b0
4700478,nobody,#b0b0b0
4700588,s7,#b0b0b0
4700954,nobody,#b0b0b0
4701834,nobody,#b0b0b0
4706314,nobody,#b0b0b0
4709166,s7,#b0b0b0
4709432,nobody,#b0b0b0
4709464,nobody,#b0b0b0
4709546,nobody,#b0b0b0
4709744,nobody,#b0b0b0
4709746,nobody,#b0b0b0
4709784,nobody,#b0b0b0
4709902,nobody,#b0b0b0
4710466,nobody,Yellow
4710810,nobody,#b0b0b0
4710836,nobody,#b0b0b0
4710962,nobody,#b0b0b0
4711564,nobody,#b0b0b0
4711570,s7,#b0b0b0
4711762,nobody,#b0b0b0
4713604,nobody,#b0b0b0
4714708,nobody,#b0b0b0
4717610,"s7, s5",Lime
4721530,s7,#b0b0b0
4727608,s7,#b0b0b0
4729882,s5,Lime
4731444,s7,#b0b0b0
4734636,nobody,#b0b0b0
4737194,s7,#b0b0b0
4737928,s7,#b0b0b0
4738824,s7,#b0b0b0
4756406,"s7, s5",Lime
4766200,nobody,#b0b0b0
4770830,nobody,#b0b0b0
4777566,nobody,#b0b0b0
4781760,nobody,#b0b0b0
4783178,"s7, s5(2)",Green
4783818,nobody,#b0b0b0
4784096,nobody,#b0b0b0
4784392,s7,#b0b0b0
4784612,nobody,#b0b0b0
4786600,s5,Lime
4787658,"s9, s5",Lime
4790036,nobody,#b0b0b0
4793502,nobody,#b0b0b0
4796452,nobody,#b0b0b0
4808796,s9,#b0b0b0
4809440,s9,#b0b0b0
4809726,"s7, s9(2)",#b0b0b0
4809756,s9,#b0b0b0
4811884,s7,#b0b0b0
4814826,s9,#b0b0b0
4817054,s9(2),#b0b0b0
4820394,s9,#b0b0b0
4820444,"s7, s5",Lime
4823474,"s7, s5",Teal
4823610,s9,#b0b0b0
4824218,nobody,#b0b0b0
4825916,s5,Lime
4826960,"s7, s9",#b0b0b0
4829892,"s7(2), s9(5), s5",Green
4829986,nobody,#b0b0b0
4830776,nobody,#b0b0b0
4833160,s7,#b0b0b0
4833792,nobody,#b0b0b0
4834668,"s7, s9",#b0b0b0
4837578,s7,#b0b0b0
4839184,nobody,#b0b0b0
4841100,s7,#b0b0b0
4842422,nobody,#b0b0b0
4843088,nobody,#b0b0b0
4843454,nobody,#b0b0b0
4848854,"s7, s5",Lime
4851222,nobody,#b0b0b0
4854602,s7,#b0b0b0
4855528,nobody,#b0b0b0
4855764,nobody,#b0b0b0
4856894,nobody,#b0b0b0
4859090,s7,#b0b0b0
4862632,nobody,#b0b0b0
4863020,s9(2),#b0b0b0
4865236,"s7, s5",Lime
4866254,nobody,#b0b0b0
4869950,nobody,#b0b0b0
4871022,"s7, s9",#b0b0b0
4872410,nobody,#b0b0b0
4874958,nobody,#b0b0b0
4876212,nobody,#b0b0b0
4876780,nobody,#b0b0b0
4877314,"s7, s9, s5",Lime
4878342,nobody,#b0b0b0
4879836,"s7, s9",#b0b0b0
4882362,s7,#b0b0b0
4885164,nobody,#b0b0b0
4888858,"s7, s9(2)",#b0b0b0
4891542,"s7, s5",Lime
4891934,"s7, s9",#b0b0b0
4892748,s7(3),#b0b0b0
4896150,s7,#b0b0b0
4897782,s7(2),#b0b0b0
4899430,nobody,#b0b0b0
4899716,"s7, s9, s5",Lime
4900844,s7,#b0b0b0
4901574,s5,Teal
4903604,nobody,#b0b0b0
4903710,s9,#b0b0b0
4905774,"s7, s5",Lime
4908262,s5(3),Green
4911290,nobody,#b0b0b0
4917270,nobody,#b0b0b0
4920018,s7,#b0b0b0
4924108,nobody,#b0b0b0
4924448,s7,#b0b0b0
4925050,nobody,#b0b0b0
4927956,s5(14),Navy
4933630,nobody,#b0b0b0
4934664,s9,#b0b0b0
4934746,nobody,#b0b0b0
4936046,"s7, s5",Lime
4936930,nobody,#b0b0b0
4942238,nobody,#b0b0b0
4942862,nobody,#b0b0b0
4943552,s5,Lime
4947960,s7,#b0b0b0
4956516,nobody,#b0b0b0
4959002,s5,Lime
4959070,s7,#b0b0b0
4963210,nobody,#b0b0b0
4963332,nobody,#b0b0b0
4968340,s7,#b0b0b0
4969416,s7,#b0b0b0
4970476,nobody,#b0b0b0
4970978,nobody,#b0b0b0
4972228,s5,Lime
4973246,s7,#b0b0b0
4975062,s5,Lime
4975146,nobody,#b0b0b0
4979258,nobody,#b0b0b0
4979944,s5,Lime
4984150,s9,#b0b0b0
4984226,s7,#b0b0b0
4984570,nobody,#b0b0b0
4984666,nobody,#b0b0b0
4985172,s7,#b0b0b0
4985692,nobody,#b0b0b0
4987864,nobody,#b0b0b0
4989642,s5,Lime
4993164,"s7, s5",Lime
4993418,nobody,#b0b0b0
4994750,s5,Lime
4995326,s5,Lime
4996038,s7,#b0b0b0
4997874,s7,#b0b0b0
4998060,"s7, s9",#b0b0b0
5005528,s9,#b0b0b0
5009622,s7,#b0b0b0
5011392,s5,Lime
5013264,s9,#b0b0b0
5013402,s9,#b0b0b0
5014028,nobody,#b0b0b0
5014150,"s9(2), s5(2)",Green
5015210,s9,#b0b0b0
5016174,s9,#b0b0b0
5017174,s7(4),Orange
5018162,s5,Lime
5019060,s5,Lime
5020432,s9,#b0b0b0
5024522,"s7, s5",Lime
5025442,"s7(3), s5",Green
5026814,s7,#b0b0b0
5026924,nobody,#b0b0b0
5027064,s5,Lime
5030100,nobody,#b0b0b0
5030922,nobody,#b0b0b0
5033170,s5,Lime
5037904,nobody,#b0b0b0
5040370,nobody,#b0b0b0
5043626,s9,#b0b0b0
5045742,s7(4),Orange
5046762,s9,#b0b0b0
5046872,s9,#b0b0b0
5046980,s7,#b0b0b0
5047618,s9,#b0b0b0
5047786,"s7, s5",Lime
5048072,s5,Lime
5050374,s9(2),#b0b0b0
5050932,nobody,#b0b0b0
5052206,nobody,#b0b0b0
5054028,"s7(2), s5",Green
5054966,nobody,#b0b0b0
5055952,s7,#b0b0b0
5056686,"s7, s9, s5",Lime
5057966,"s7, s5",Lime
5058274,s5,Lime
5058304,nobody,#b0b0b0
5058706,s5,Teal
5061846,s5,Lime
5062222,s9,#b0b0b0
5062384,s5,Lime
5063688,s5,Lime
5065372,s7,#b0b0b0
5067536,s5,Lime
5069164,s5,Lime
5069972,s9,#b0b0b0
5070318,nobody,Yellow
5070748,s5,Lime
5072540,"s9, s5",Teal
5073506,s9(2),#b0b0b0
5074126,s5,Lime
5074432,s9,#b0b0b0
5074934,s9,#b0b0b0
5074984,s5,Lime
5075298,nobody,#b0b0b0
5075556,nobody,#b0b0b0
5077574,s7,#b0b0b0
5078462,s5(3),Green
5079342,s5,Lime
5079474,nobody,#b0b0b0
5079722,"s7, s5",Lime
5080716,nobody,#b0b0b0
5082420,nobody,Yellow
5082790,s7,#b0b0b0
5083632,s9(5),#b0b0b0
5083958,nobody,#b0b0b0
5083992,s7,#b0b0b0
5084336,s7,#b0b0b0
5084680,nobody,#b0b0b0
5084910,s7,#b0b0b0
5085710,s5,Teal
5086074,s7,#b0b0b0
5087006,s9,#b0b0b0
5087116,s9,#b0b0b0
5087540,s9,#b0b0b0
5087656,s9,#b0b0b0
5089160,nobody,#b0b0b0
5090084,nobody,#b0b0b0
5090764,s7(2),#b0b0b0
5091356,s9,#b0b0b0
5091754,s9,#b0b0b0
5092050,s7,#b0b0b0
5093806,s7(2),#b0b0b0
5095458,s7,#b0b0b0
5095774,s9,#b0b0b0
5096066,s9,#b0b0b0
5096734,nobody,#b0b0b0
5096800,s9,#b0b0b0
5096834,s9,#b0b0b0
5096914,s5,Lime
5097518,"s7, s5",Lime
5098416,s5,Lime
5099742,s7,#b0b0b0
5100104,s7,#b0b0b0
5100590,s5,Lime
5102538,s5,Lime
5102762,s5,Lime
5103122,s7,#b0b0b0
5103730,s5,Lime
5103960,nobody,#b0b0b0
5104344,s7,#b0b0b0
5104558,s7,#b0b0b0
5105182,"s7, s5",Lime
5105306,s7,#b0b0b0
5105468,s7,#b0b0b0
5106012,nobody,#b0b0b0
5106586,s7,#b0b0b0
5107398,s7,#b0b0b0
5108098,s7,#b0b0b0
5108286,s9,#b0b0b0
5108606,nobody,#b0b0b0
5109762,s5,Teal
5110422,s7,#b0b0b0
5110580,s7,#b0b0b0
5110844,s7,#b0b0b0
5110954,s7,#b0b0b0
5112074,"s9, s5",Lime
5112158,s9,#b0b0b0
5112342,s9,#b0b0b0
5113270,s5,Lime
5113422,nobody,#b0b0b0
5113634,"s7(2), s9(4), s5",Green
5113730,"s7, s9, s5",Lime
5114206,nobody,#b0b0b0
5115650,s7,#b0b0b0
5115742,nobody,#b0b0b0
5116066,s5,Lime
5117116,s7,#b0b0b0
5117298,"s7(2), s9(2)",Orange
5119242,s9,#b0b0b0
5119260,"s7, s5",Lime
5119608,"s9, s5",Lime
5120630,nobody,#b0b0b0
5120722,s5(13),Navy
5121066,"s7, s5",Lime
5122032,s7,#b0b0b0
5122200,s9,#b0b0b0
5122306,s5,Lime
5123372,"s7, s9(2)",#b0b0b0
5123556,s7,#b0b0b0
5123806,s9,#b0b0b0
5124308,s5,Lime
5125958,s9,#b0b0b0
5126140,nobody,#b0b0b0
5126760,s5,Lime
5126824,s7,#b0b0b0
5126938,s7,#b0b0b0
5128520,"s7, s5",Lime
5128526,s7,#b0b0b0
5129232,s9,#b0b0b0
5131070,nobody,#b0b0b0
5131102,"s7, s9",#b0b0b0
5132372,nobody,#b0b0b0
5132558,s9,#b0b0b0
5133140,s7,#b0b0b0
5133318,s9(2),#b0b0b0
5134208,s9,#b0b0b0
5134562,"s7, s5",Lime
5135670,s5,Lime
5137334,s5,Lime
5137988,nobody,#b0b0b0
5138534,s7,#b0b0b0
5138724,s9,#b0b0b0
5139142,s5,Lime
5139466,"s7, s5",Lime
5139908,s9(2),#b0b0b0
5140010,"s7, s5",Lime
5140222,s5,Lime
5140344,s9,#b0b0b0
5140358,s7,#b0b0b0
5141158,s9,#b0b0b0
5142038,s7,#b0b0b0
5142372,nobody,#b0b0b0
5143342,s7,#b0b0b0
5143476,s9,#b0b0b0
5143600,nobody,#b0b0b0
5143818,s5,Lime
5144234,s7,#b0b0b0
5144498,s7,#b0b0b0
5144858,s9(2),#b0b0b0
5145134,s7,#b0b0b0
5145258,s5(2),Green
5145506,"s9(2), s5",Green
5145698,s7,#b0b0b0
5146110,s5,Lime
5146470,s7,#b0b0b0
5146878,s7,#b0b0b0
5147082,s5(2),Green
5147246,"s7(3), s5",Green
5147270,s5,Teal
5147274,s7,#b0b0b0
5148060,s5,Lime
5148910,s5,Lime
5149260,s5,Teal
5149310,s5,Teal
5149920,s7,#b0b0b0
5150650,s5,Lime
5151864,s7,#b0b0b0
5151888,s5,Lime
5152316,nobody,#b0b0b0
5152638,s9,#b0b0b0
5152936,s9,#b0b0b0
5153856,nobody,#b0b0b0
5154818,s7,#b0b0b0
5154828,"s7, s5",Lime
5154834,s9,#b0b0b0
5155712,s7,#b0b0b0
5156080,s7,#b0b0b0
5156090,"s7(2), s9",#b0b0b0
5156150,s5,Lime
5156724,s5,Lime
5157110,s7,#b0b0b0
5157548,s5(2),Green
5157908,s9(3),#b0b0b0
5158314,s9,#b0b0b0
5158360,s9,#b0b0b0
5158392,s5,Teal
5158412,"s7, s9(2)",#b0b0b0
5158696,s5,Lime
5159118,s5,Lime
5159194,s9,#b0b0b0
5159736,s7,#b0b0b0
5159834,"s9, s5(2)",Green
5159860,s7,#b0b0b0
5160600,nobody,#b0b0b0
5160638,nobody,#b0b0b0
5160666,s7,#b0b0b0
5160976,s7,#b0b0b0
5161012,s9,#b0b0b0
5161022,nobody,#b0b0b0
5161128,"s7, s9",#b0b0b0
5161778,nobody,#b0b0b0
5161862,"s7, s5",Lime
5161948,"s7, s9, s5",Lime
5161994,s7,#b0b0b0
5163040,s9,#b0b0b0
5163082,s7,#b0b0b0
5163798,"s7, s9(4), s5",Green
5164080,s7,#b0b0b0
5165654,nobody,#b0b0b0
5165666,s5,Lime
5165728,nobody,#b0b0b0
5166640,nobody,#b0b0b0
5167366,s7,#b0b0b0
5167500,s9,#b0b0b0
5168328,s7,#b0b0b0
5168566,s7,#b0b0b0
5169266,s7,#b0b0b0
5169354,nobody,#b0b0b0
5170132,s9,#b0b0b0
5170878,s9,#b0b0b0
5170888,s9,#b0b0b0
5171244,s5,Lime
5171568,s7,#b0b0b0
5172340,s7,#b0b0b0
5172432,s9,#b0b0b0
5172580,nobody,#b0b0b0
5173472,s5,Lime
5173528,s9,#b0b0b0
5174470,s7,#b0b0b0
5175270,s5,Lime
5175368,s7,#b0b0b0
5175442,s5,Lime
5175542,s5,Lime
5175574,s5,Lime
5175784,s9,#b0b0b0
5175840,s9,#b0b0b0
5176116,"s9, s5",Lime
5176172,s9,#b0b0b0
5176890,s7,#b0b0b0
5177138,"s7, s5",Lime
5177732,s9,#b0b0b0
5177854,"s7, s9(3), s5",Green
5178016,s5,Lime
5178040,s9,#b0b0b0
5178804,s9,#b0b0b0
5178902,s5(2),Green
5178994,s9,#b0b0b0
5179040,s5,Lime
5179292,s7,#b0b0b0
5179332,s7,#b0b0b0
5179838,"s9, s5",Lime
5180414,"s7, s5",Lime
5180854,s7(5),Orange
5181986,s9,#b0b0b0
5182298,s5,Lime
5182578,s5,Lime
5182776,"s7, s9",#b0b0b0
5183124,"s7, s5",Lime
5183770,s7,#b0b0b0
5183824,s9,#b0b0b0
5184192,s9,#b0b0b0
5184258,s5,Lime
5184288,s7,#b0b0b0
5184292,nobody,#b0b0b0
5184462,s9,#b0b0b0
5184526,s7,#b0b0b0
5184816,nobody,#b0b0b0
5185018,s9,#b0b0b0
5185348,s5,Lime
5185786,s5,Lime
5186044,s5,Lime
5186682,s9(2),#b0b0b0
5186818,s9,#b0b0b0
5187182,s9,#b0b0b0
5187438,s9,#b0b0b0
5187836,s5,Lime
5187948,s9,#b0b0b0
5188024,s7,#b0b0b0
5188082,s5,Lime
5188236,"s7, s5",Lime
5188376,s7,#b0b0b0
5188608,s5,Lime
5188610,s5,Lime
5188648,nobody,#b0b0b0
5188918,s5,Lime
5189346,s9,#b0b0b0
5189406,s5,Lime
5189508,s7,#b0b0b0
5189682,s9,#b0b0b0
5189798,s7,#b0b0b0
5189996,s7,#b0b0b0
5190064,nobody,#b0b0b0
5190524,s7,#b0b0b0
5190600,s9(2),#b0b0b0
5190672,s5,Lime
5190928,nobody,#b0b0b0
5190986,"s7, s5",Lime
5191212,nobody,#b0b0b0
5191826,s5,Lime
5191834,"s7, s5",Lime
5191880,s5,Lime
5192136,"s7, s5",Lime
5192516,s7,#b0b0b0
5192556,s9,#b0b0b0
5192610,"s7, s5",Lime
5192682,s7,#b0b0b0
5192874,s7,#b0b0b0
5192992,s5,Lime
5193150,s9(2),#b0b0b0
5193170,s7,#b0b0b0
5193262,s7,#b0b0b0
5193332,s7,#b0b0b0
5193388,s9,#b0b0b0
5193524,s5,Lime
5193596,s9,#b0b0b0
5193602,"s7(5), s9(2), s5",Green
5193922,s5,Lime
5193960,"s7, s9, s5",Lime
5193962,s9,#b0b0b0
5194320,s9,#b0b0b0
5194346,s7,#b0b0b0
5194896,s5,Lime
5195036,s9,#b0b0b0
5195044,s9,#b0b0b0
5195122,s9,#b0b0b0
5195452,s9,#b0b0b0
5195458,s7(2),#b0b0b0
5195536,nobody,#b0b0b0
5195758,s7,#b0b0b0
5195910,s9,#b0b0b0
5196536,"s7, s9, s5(2)",Green
5196574,s5,Lime
5196620,s9,#b0b0b0
5196784,s9,#b0b0b0
5196822,s5,Lime
5196864,s9,#b0b0b0
5197068,s9,#b0b0b0
5197262,s7,#b0b0b0
5197642,s9,#b0b0b0
5197644,s5(2),Green
5197844,s5,Lime
5198116,s7,#b0b0b0
5198276,s7,#b0b0b0
5198536,nobody,#b0b0b0
5198560,s7,#b0b0b0
5198630,s9,#b0b0b0
5198738,s9,#b0b0b0
5198916,s9,#b0b0b0
5198932,s5,Lime
5198952,s9,#b0b0b0
5199046,s9,#b0b0b0
5199428,s7,#b0b0b0
5199598,s9,#b0b0b0
5199614,s9(2),#b0b0b0
5199676,s9(2),#b0b0b0
5199848,s7,#b0b0b0
5200412,s9,#b0b0b0
5200474,s7,#b0b0b0
5200476,s9,#b0b0b0
5200560,s9,#b0b0b0
5200634,s9,#b0b0b0
5200684,"s7, s5",Lime
5200752,s9,#b0b0b0
5200822,s7,#b0b0b0
5200888,s7,#b0b0b0
5200940,s9,#b0b0b0
5201018,s5,Lime
5201150,s7,#b0b0b0
5201166,s7,#b0b0b0
5201344,s5,Lime
5201520,s9,#b0b0b0
5201594,s5,Lime
5201772,"s9, s5",Lime
5202098,s7,#b0b0b0
5202144,s7,#b0b0b0
5202160,s7,#b0b0b0
5202180,"s7, s9",#b0b0b0
5202234,s5,Lime
5202242,s9,#b0b0b0
5202338,"s7, s5",Lime
5202478,s9,#b0b0b0
5202716,s5,Lime
5203046,s7,#b0b0b0
5203260,s9,#b0b0b0
5203282,"s7, s9",#b0b0b0
5203358,s9,#b0b0b0
5203362,"s7, s9",#b0b0b0
5203508,s9,#b0b0b0
5203588,s9,#b0b0b0
5203682,s7,#b0b0b0
5203760,s5,Lime
5203788,s9,#b0b0b0
5204078,s9,#b0b0b0
5204570,s5,Lime
5204924,s7,#b0b0b0
5204982,s7,#b0b0b0
5205140,nobody,#b0b0b0
5205202,s5,Lime
5205248,"s9, s5",Teal
5205372,s7,#b0b0b0
5205574,s5,Lime
5205580,s7,#b0b0b0
5205616,s5,Lime
5205662,s5,Lime
5205748,s9,#b0b0b0
5206046,s9,#b0b0b0
5206048,s9,#b0b0b0
5206088,s9,#b0b0b0
5206610,"s9, s5",Lime
5206618,s7,#b0b0b0
5206638,s5,Lime
5206672,s9,#b0b0b0
5206690,s7(3),#b0b0b0
5206772,s7,#b0b0b0
5206936,s9,#b0b0b0
5207010,s9,#b0b0b0
5207058,s5,Lime
5207478,s9,#b0b0b0
5207884,s5,Lime
5208046,s7,#b0b0b0
5208170,s7,#b0b0b0
5208198,s9,#b0b0b0
5208294,s9,#b0b0b0
5208402,"s7, s9",#b0b0b0
5208408,s7,#b0b0b0
5208658,s9,#b0b0b0
5208662,s9,#b0b0b0
5208698,s5,Lime
5208764,s7,#b0b0b0
5208802,s7,#b0b0b0
5208868,s9,#b0b0b0
5208946,s9,#b0b0b0
5208962,s7,#b0b0b0
5209072,s9,#b0b0b0
5209202,s7,#b0b0b0
5209336,s5,Lime
5209456,s9,#b0b0b0
5209544,s9,#b0b0b0
5209664,s9,#b0b0b0
5209698,s9,#b0b0b0
5210070,s9,#b0b0b0
5210174,s9(2),#b0b0b0
5210374,s9,#b0b0b0
5210400,s9,#b0b0b0
5210562,s9,#b0b0b0
5210786,"s7, s9",#b0b0b0
5210790,s7,#b0b0b0
5210912,s7,#b0b0b0
5210962,s7,#b0b0b0
5210980,s9,#b0b0b0
5211048,s7,#b0b0b0
5211310,nobody,#b0b0b0
5211440,s9,#b0b0b0
5211482,s7,#b0b0b0
5211504,s5,Lime
5211534,s9,#b0b0b0
5211596,s7,#b0b0b0
5211746,s9,#b0b0b0
5212032,s5,Lime
5212142,s9(5),#b0b0b0
5212230,s9,#b0b0b0
5212254,s5,Lime
5212368,"s7, s9",#b0b0b0
5212386,s5,Lime
5212600,s5,Lime
5212606,s9,#b0b0b0
5212670,s7,#b0b0b0
5212724,s5,Lime
5212916,s5,Lime
5212980,s5,Lime
5213166,"s7, s5",Lime
5213244,s5,Lime
5213256,s9,#b0b0b0
5213290,nobody,#b0b0b0
5213344,s5,Lime
5213494,s7,#b0b0b0
5213532,s7,#b0b0b0
5213712,s7(2),#b0b0b0
5213822,s7,#b0b0b0
5214004,s7,#b0b0b0
5214408,s7,#b0b0b0
5214448,s9,#b0b0b0
5214524,s9,#b0b0b0
5214538,s5,Lime
5214672,s5,Lime
5214786,s7,#b0b0b0
5214794,"s9, s5",Lime
5215060,s7,#b0b0b0
5215106,s9,#b0b0b0
5215300,s7,#b0b0b0
5215398,s5,Lime
5215458,s9,#b0b0b0
5215496,s7,#b0b0b0
5215530,s5,Lime
5215542,s9,#b0b0b0
5215726,"s7(5), s5",Green
5215792,s7,#b0b0b0
5215892,nobody,#b0b0b0
5215984,s5,Lime
5215996,s5,Lime
5216000,s9,#b0b0b0
5216110,s9,#b0b0b0
5216176,s7,#b0b0b0
5216190,s5,Lime
5216248,s7,#b0b0b0
5216286,s5,Lime
5216454,s9,#b0b0b0
5216594,s5,Lime
5216646,s9,#b0b0b0
5216820,s7,#b0b0b0
5216884,s9,#b0b0b0
5216960,s7,#b0b0b0
5217036,s9,#b0b0b0
5217382,s5,Lime
5217450,s9,#b0b0b0
5217558,s7,#b0b0b0
5217620,s7,#b0b0b0
5217652,nobody,#b0b0b0
5217898,s9,#b0b0b0
5217946,s7,#b0b0b0
5217986,s5,Lime
5218160,s9,#b0b0b0
5218180,s7,#b0b0b0
5218372,s9,#b0b0b0
5218486,s9,#b0b0b0
5218524,s5,Lime
5218532,s9,#b0b0b0
5218568,s5,Lime
5218672,s7,#b0b0b0
5218828,s5(2),Green
5218992,s7,#b0b0b0
5219008,s7,#b0b0b0
5219220,s9(2),#b0b0b0
5219694,s9,#b0b0b0
5219764,s7,#b0b0b0
5219836,s7,#b0b0b0
5219990,s9,#b0b0b0
5220138,s7,#b0b0b0
5220156,s7,#b0b0b0
5220182,s9,#b0b0b0
5220222,s7,#b0b0b0
5220234,s5,Lime
5220334,s9,#b0b0b0
5220378,s5,Lime
5220382,s9,#b0b0b0
5220434,s5,Lime
5220438,s7,#b0b0b0
5220480,s9,#b0b0b0
5220558,s7(8),Orange
5220644,s7,#b0b0b0
5220716,s5,Lime
5220798,s5,Lime
5220806,s5,Lime
5220816,s7,#b0b0b0
5220884,s7,#b0b0b0
5220886,s9,#b0b0b0
5220898,s5,Lime
5220940,s7,#b0b0b0
5220962,s7,#b0b0b0
5221002,s7,#b0b0b0
5221030,s9(2),#b0b0b0
5221072,s9,#b0b0b0
5221270,s7,#b0b0b0
5221380,s7,#b0b0b0
5221418,s7,#b0b0b0
5221422,"s7, s9",#b0b0b0
5221552,s9,#b0b0b0
5221608,s7,#b0b0b0
5221640,s9,#b0b0b0
5221664,s9,#b0b0b0
5221756,s5,Lime
5221892,s5,Lime
5222046,s5,Lime
5222072,s7,#b0b0b0
5222160,s7,#b0b0b0
5222218,s7,#b0b0b0
5222220,s9,#b0b0b0
5222258,s5,Lime
5222314,s7(4),#b0b0b0
5222352,s5,Lime
5222414,s5,Lime
5222648,s5,Lime
5222696,s9,#b0b0b0
5222704,s5,Lime
5222766,s9,#b0b0b0
5222772,s5,Lime
5222820,s9,#b0b0b0
5222862,s7,#b0b0b0
5223000,s9,#b0b0b0
5223054,s5,Lime
5223202,s7,#b0b0b0
5223272,s5,Lime
5223314,s9,#b0b0b0
5223328,s9,#b0b0b0
5223354,s7,#b0b0b0
5223642,s5,Lime
5223738,s9,#b0b0b0
5223842,s7,#b0b0b0
5223862,s5,Lime
5223864,s7,#b0b0b0
5223938,s7,#b0b0b0
5223972,s9,#b0b0b0
5224002,s7,#b0b0b0
5224016,s9,#b0b0b0
5224046,s7,#b0b0b0
5224060,s9,#b0b0b0
5224218,"s7, s9",#b0b0b0
5224262,s7,#b0b0b0
5224326,s9,#b0b0b0
5224400,"s9, s5",Lime
5224502,s7,#b0b0b0
5224508,s9,#b0b0b0
5224516,s5,Lime
5224606,s9,#b0b0b0
5224760,s9,#b0b0b0
5224842,s9,#b0b0b0
5224862,s9,#b0b0b0
5224886,s7,#b0b0b0
5225222,s7,#b0b0b0
5225358,s9,#b0b0b0
5225406,s9,#b0b0b0
5225488,s9,#b0b0b0
5225492,s5,Lime
5225574,s7,#b0b0b0
5225646,s9,#b0b0b0
5225670,"s7, s5",Lime
5225714,s7,#b0b0b0
5225782,s7,#b0b0b0
5225810,s7,#b0b0b0
5225850,s7,#b0b0b0
5225862,s9,#b0b0b0
5225972,s7,#b0b0b0
5226026,s9,#b0b0b0
5226032,s9,#b0b0b0
5226050,s5,Lime
5226266,s9(2),#b0b0b0
5226332,s7,#b0b0b0
5226416,s5,Teal
5226450,s9,#b0b0b0
5226470,s7,#b0b0b0
5226612,s5,Lime
5226658,s7,#b0b0b0
5226710,s5,Lime
5226754,"s7, s5",Lime
5226768,s5,Lime
5226774,s9,#b0b0b0
5226844,s9,#b0b0b0
5226888,s9,#b0b0b0
5226940,s9,#b0b0b0
5226998,s9,#b0b0b0
5227134,s9,#b0b0b0
5227146,s7,#b0b0b0
5227388,s9,#b0b0b0
5227396,s5,Lime
5227486,s9,#b0b0b0
5227502,s9,#b0b0b0
5227522,s9,#b0b0b0
5227576,s7(2),#b0b0b0
5227650,s7(3),#b0b0b0
5227676,s7,#b0b0b0
5227752,s5,Lime
5227762,"s7(2), s9(2)",#b0b0b0
5227770,s7,#b0b0b0
5227854,s7(2),#b0b0b0
5227890,"s9, s5",Lime
5227932,s5,Lime
5227962,s7,#b0b0b0
5228012,"s7, s9",#b0b0b0
5228038,s9,#b0b0b0
5228058,nobody,#b0b0b0
5228162,s9,#b0b0b0
5228174,s7,#b0b0b0
5228242,s9,#b0b0b0
5228390,s7,#b0b0b0
5228400,s9,#b0b0b0
5228406,s5,Lime
5228460,s7,#b0b0b0
5228538,s7,#b0b0b0
5228602,s9,#b0b0b0
5228632,s5,Lime
5228704,s7,#b0b0b0
5228794,s5,Lime
5228830,s9,#b0b0b0
5228836,s5,Lime
5228864,s9,#b0b0b0
5228986,s7,#b0b0b0
5229042,s7,#b0b0b0
5229130,s9,#b0b0b0
5229138,s9,#b0b0b0
5229240,s9,#b0b0b0
5229244,s9,#b0b0b0
5229306,s9,#b0b0b0
5229418,s9,#b0b0b0
5229420,s7,#b0b0b0
5229424,s9,#b0b0b0
5229452,"s7, s5",Lime
5229486,s7(3),#b0b0b0
5229494,s5,Lime
5230150,s9,#b0b0b0
5230276,s5,Lime
5230318,s7,#b0b0b0
5230618,"s9, s5",Teal
5230622,s5,Teal
5230624,s5,Teal
5231086,s5,Lime
5232340,s5,Lime
5232414,s5,Lime
5232640,s9,#b0b0b0
5233950,s5,Lime
5234674,s5,Lime
5234904,nobody,#b0b0b0
5234910,nobody,#b0b0b0
5235502,s9,#b0b0b0
5235760,s5,Lime
5235844,s9,#b0b0b0
5235912,s5,Lime
5235914,s5(2),Green
5235952,s5,Lime
5236400,s5,Lime
5236404,s9,#b0b0b0
5236518,s5,Lime
5236818,s5,Lime
5236978,s5,Lime
5237064,"s9, s5",Lime
5238422,s7,#b0b0b0
5238430,s7,#b0b0b0
5238528,s9,#b0b0b0
5238594,s5,Lime
5238602,s9,#b0b0b0
5238716,s5,Lime
5239610,"s7, s9, s5",Lime
5239854,s7,#b0b0b0
5240138,s9,#b0b0b0
5240204,"s7(2), s5(2)",Green
5240212,"s7, s5(2)",Green
5240218,"s7(2), s5(3)",Green
5240282,s9,#b0b0b0
5240476,s7,#b0b0b0
5241036,s9,#b0b0b0
5241556,s9,#b0b0b0
5241620,"s7, s5",Lime
5241626,s5,Lime
5241922,s7,#b0b0b0
5241928,s9(2),#b0b0b0
5241934,s9,#b0b0b0
5242472,"s7, s5",Lime
5242576,s9,#b0b0b0
5243762,"s7, s5",Lime
5244528,s9,#b0b0b0
5244756,s9,#b0b0b0
5244790,s5,Lime
5244804,"s7, s9(2)",#b0b0b0
5244806,s9,#b0b0b0
5244910,s9,#b0b0b0
5245556,s7,#b0b0b0
5245948,s7,#b0b0b0
5246682,s7,#b0b0b0
5246774,s7,#b0b0b0
5246874,s5,Lime
5248890,"s7, s9",#b0b0b0
5248898,s7,#b0b0b0
5249110,s9,#b0b0b0
5249638,"s7, s5",Lime
5249802,s5,Lime
5250490,s9,#b0b0b0
5250512,s9,#b0b0b0
5250704,s7,#b0b0b0
5250882,s7,#b0b0b0
5251276,s5,Lime
5252064,s9,#b0b0b0
5252794,s5,Lime
5252908,s7,#b0b0b0
5252974,s9,#b0b0b0
5253646,s5,Lime
5254980,s7,#b0b0b0
5255244,s9,#b0b0b0
5255272,s9,#b0b0b0
5255544,s5,Lime
5256014,s9,#b0b0b0
5256062,s7,#b0b0b0
5256394,nobody,Yellow
5256510,"s7, s5",Lime
5257024,"s7, s9",#b0b0b0
5257030,s9,#b0b0b0
5258824,s9,#b0b0b0
5258830,s9,#b0b0b0
5258990,s9,#b0b0b0
5259040,s9,#b0b0b0
5259612,s7,#b0b0b0
5259724,s9,#b0b0b0
5259900,"s7, s5",Lime
5260758,"s7, s9",#b0b0b0
5260836,s9,#b0b0b0
5261158,s5,Lime
5261422,s7,#b0b0b0
5261446,"s9, s5",Lime
5262208,s7,#b0b0b0
5263674,s7,#b0b0b0
5263862,s7,#b0b0b0
5264510,s9(2),#b0b0b0
5264522,"s9(2), s5",Green
5264618,s9,#b0b0b0
5269676,s9,#b0b0b0
5272472,s5,Lime
5279122,s9,#b0b0b0
5279898,s9(5),#b0b0b0
5279954,s9,#b0b0b0
5280044,s7,#b0b0b0
5280316,s5,Lime
5281918,s9,#b0b0b0
5282754,s7,#b0b0b0
5283078,"s7, s9, s5",Lime
5283082,s9,#b0b0b0
5283448,s7,#b0b0b0
5283810,s5,Lime
5284030,"s9, s5",Lime
5284124,s9,#b0b0b0
5285588,s5,Lime
5285594,s7,#b0b0b0
5286370,s5,Lime
5286806,s9,#b0b0b0
5287186,s7(4),#b0b0b0
5287210,s5,Lime
5287570,s9,#b0b0b0
5287862,"s9(2), s5(2)",Green
5288328,s5,Lime
5288846,s5,Lime
5288866,s9,#b0b0b0
5288872,s9,#b0b0b0
5288988,s9,#b0b0b0
5289032,s9,#b0b0b0
5289398,s5,Lime
5290380,s7(2),#b0b0b0
5290382,s7(3),#b0b0b0
5290974,nobody,#b0b0b0
5291314,s9,#b0b0b0
5291342,s9,#b0b0b0
5291414,"s7, s9",#b0b0b0
5291420,s9,#b0b0b0
5291530,s7(2),#b0b0b0
5291632,s7(3),Orange
5291640,"s7(5), s9",Orange
5291644,s7,#b0b0b0
5291670,s7,#b0b0b0
5292396,s5(5),Green
5293212,s9,#b0b0b0
5295056,s9(14),Orange
5296630,"s7(7), s9(9), s5(7)",Green
5296636,"s7(7), s9(14), s5(7)",Green
5304750,s9,#b0b0b0
5304756,s5,Lime
5305224,s9,#b0b0b0
5306050,s5,Lime
5307330,s9,#b0b0b0
5307474,s5,Lime
5307490,s9(5),#b0b0b0
5307498,"s7, s9(5)",#b0b0b0
5307506,"s7, s9(5)",#b0b0b0
5307788,"s7, s9",#b0b0b0
5310590,s9,#b0b0b0
5312012,s7,#b0b0b0
5314142,"s7, s5",Lime
5315920,s9,#b0b0b0
5316024,s7,#b0b0b0
5316410,s9,#b0b0b0
5316530,s7,#b0b0b0
5316812,s9,#b0b0b0
5317458,s7,#b0b0b0
5317798,s9,#b0b0b0
5318210,"s7, s5",Lime
5318612,s7,#b0b0b0
5318688,nobody,#b0b0b0
5319100,s9,#b0b0b0
5319120,nobody,#b0b0b0
5319540,s5,Lime
5321426,"s7, s5",Lime
5322176,s7(2),#b0b0b0
5322648,s7(5),#b0b0b0
5323080,s9,#b0b0b0
5323332,s9,#b0b0b0
5323512,s7(3),#b0b0b0
5324016,nobody,#b0b0b0
5324458,s7,#b0b0b0
5324476,s5,Lime
5326370,s9,Yellow
5328120,s9,#b0b0b0
5328370,s9,#b0b0b0
5328452,"s7, s5",Lime
5328478,nobody,#b0b0b0
5329046,s9,#b0b0b0
5331006,s7,#b0b0b0
5333592,nobody,#b0b0b0
5336342,s5(2),Green
5336482,"s7, s5",Lime
5336546,"s7, s5",Teal
5336686,"s7, s5",Lime
5337232,"s7, s5",Lime
5337584,"s7(2), s9",#b0b0b0
5337586,s7(2),#b0b0b0
5338210,"s7, s5",Lime
5338412,"s7, s5",Lime
5338838,"s7, s5",Lime
5339176,"s7, s5",Lime
5339208,"s7, s9(2)",#b0b0b0
5339384,"s7, s9",#b0b0b0
5339392,s7,#b0b0b0
5339396,s7,#b0b0b0
5339578,"s7, s9",#b0b0b0
5339624,"s7, s5",Lime
5340408,"s7, s9",#b0b0b0
5341316,"s7(2), s5(2)",Green
5342144,"s7, s9(2)",#b0b0b0
5343310,"s7, s9(2)",#b0b0b0
5343482,"s7, s9",#b0b0b0
5343724,"s7, s5",Lime
5343986,s5(2),Green
5344498,s5(3),Green
5344502,s5(2),Green
5344504,s5,Lime
5344984,s9,#b0b0b0
5344986,"s7, s9, s5",Lime
5345120,s5,Teal
5345436,"s7, s5",Lime
5345554,"s7, s5",Lime
5346520,"s7, s9",#b0b0b0
5347056,"s7, s5",Lime
5347110,"s7, s9",#b0b0b0
5347116,"s7, s9(2)",#b0b0b0
5347476,"s7, s5",Lime
5347684,"s7, s9",#b0b0b0
5347922,"s7, s9, s5",Teal
5349452,"s7, s5",Lime
5350284,s7,#b0b0b0
5351214,s7,#b0b0b0
5351814,"s7, s5",Lime
5352086,"s7(2), s5",Green
5354274,"s7, s5",Lime
5354634,"s7, s5",Lime
5354698,"s7(2), s9",#b0b0b0
5355110,"s7, s5",Lime
5355348,"s7, s5(2)",Green
5355352,"s7, s5",Lime
5356042,"s7, s9",#b0b0b0
5356240,s5(2),Green
5356894,s5(4),Green
5356898,"s7, s5",Lime
5358178,s5,Teal
5358804,"s7, s5",Lime
5359004,"s7, s5",Lime
5361840,"s7, s5",Lime
5362386,"s7, s5",Lime
5362610,"s7, s9",#b0b0b0
5362840,s5(2),Green
5362872,"s7, s9",#b0b0b0
5363886,"s7(2), s9",#b0b0b0
5364864,s5(2),Green
5365288,"s7, s9(4)",#b0b0b0
5365424,"s7, s9(2)",#b0b0b0
5365868,"s7, s5",Lime
5366830,s9(6),#b0b0b0
5367802,"s9, s5",Lime
5368240,"s7, s5",Lime
5369598,"s7, s5",Lime
5370998,"s7(2), s5",Green
5371000,"s7, s5",Lime
5371544,"s7, s5",Lime
5371552,"s7, s9, s5",Lime
5371556,"s7, s5",Lime
5371580,"s7, s5",Lime
5372284,"s7, s5",Lime
5373628,"s7, s9, s5",Lime
5375242,"s7, s5",Lime
5375390,"s7, s5",Lime
5375396,"s7, s5",Lime
5375566,"s9, s5(3)",Green
5375570,"s7, s9, s5(3)",Green
5375578,"s7, s5",Lime
5375884,"s7, s5",Lime
5376004,"s7, s5",Lime
5376546,"s7, s9",#b0b0b0
5377184,"s7, s5",Lime
5377550,"s9, s5",Lime
5377556,s9,#b0b0b0
5378056,"s7, s9",#b0b0b0
5378578,"s7, s5",Lime
5378714,"s7, s5",Lime
5379042,s9,#b0b0b0
5379380,"s7, s9",#b0b0b0
5379892,"s7, s5",Lime
5380890,"s7, s5",Lime
5381156,"s7, s5",Lime
5381396,"s7, s5",Lime
5381490,s9,#b0b0b0
5381514,"s7, s5",Lime
5381706,"s7, s5",Lime
5382026,"s7, s5",Lime
5383126,"s7, s9(2), s5",Green
5385152,s9(3),#b0b0b0
5385380,"s7, s9",#b0b0b0
5385580,"s7, s5",Lime
5386464,"s9, s5",Lime
5387034,s9,#b0b0b0
5387290,"s7(2), s9",#b0b0b0
5387870,s9,#b0b0b0
5388460,"s7, s9",#b0b0b0
5388898,"s7, s9, s5",Lime
5388904,"s9, s5",Lime
5389952,"s9, s5",Lime
5390216,"s7, s5",Lime
5390416,"s7, s9, s5",Lime
5390538,s5(5),Green
5390546,s5(4),Green
5390552,s5(3),Green
5391614,s9,#b0b0b0
5392132,"s7, s5",Lime
5393536,"s7, s9, s5",Teal
5393780,"s7, s5",Lime
5393996,s9,#b0b0b0
5394606,"s7, s9",#b0b0b0
5394674,"s7, s5",Lime
5394820,s5,Lime
5395732,"s9, s5",Lime
5397222,"s7, s5",Lime
5397352,s7,#b0b0b0
5397954,"s7, s5",Lime
5399188,"s7, s5(2)",Green
5399194,s5(2),Green
5400108,s5,Lime
5400536,"s7, s5",Lime
5400584,"s7, s9",#b0b0b0
5401200,s7,#b0b0b0
5402530,"s7(2), s5",Green
5402840,"s7, s9, s5",Lime
5402880,s9,#b0b0b0
5403174,"s7, s5",Lime
5403356,"s7, s5",Lime
5404014,"s9, s5",Lime
5406756,"s7, s9",#b0b0b0
5407030,"s9, s5(4)",Green
5407086,"s7, s5(2)",Green
5407110,"s7, s5(2)",Green
5407974,"s7, s5",Lime
5408370,"s7, s9",#b0b0b0
5408378,"s7, s9, s5",Lime
5408386,"s7, s9",#b0b0b0
5408544,"s7, s5",Lime
5409120,"s7, s5",Lime
5409162,"s7, s5",Lime
5409442,s5,Lime
5409674,s9,#b0b0b0
5409676,"s9, s5",Lime
5410228,"s7, s5",Lime
5410950,"s7, s5",Lime
5411842,"s7, s5",Lime
5411952,s7,#b0b0b0
5412674,"s7(2), s5",Green
5412682,"s7, s5",Lime
5412686,"s7, s5",Lime
5412998,"s7, s5",Lime
5413412,"s7, s9",#b0b0b0
5413748,"s9, s5",Lime
5413756,"s7, s9(2), s5(2)",Green
5414356,"s7, s5",Lime
5414980,"s7, s5",Lime
5416400,"s7, s5",Lime
5417344,"s7, s5",Lime
5417722,"s7, s9, s5",Lime
5417832,"s9, s5",Lime
5418622,"s7, s5",Lime
5418630,"s7, s5",Lime
5418642,"s7, s5",Lime
5419506,"s7, s9, s5",Lime
5419602,"s7, s9, s5",Lime
5420212,"s7, s9",#b0b0b0
5420426,"s9, s5",Lime
5420562,"s9, s5",Lime
5420598,"s7, s9(2)",#b0b0b0
5420684,"s9, s5",Lime
5420794,"s7, s5",Lime
5421234,s9,#b0b0b0
5421760,"s7, s9, s5",Lime
5421766,s5(2),Green
5422398,s7,#b0b0b0
5422484,"s7, s5",Lime
5422988,"s7, s5",Lime
5423098,"s7, s5",Lime
5423168,"s7, s9, s5",Lime
5423630,"s7, s9, s5",Lime
5423650,"s7, s5",Lime
5424622,s9,#b0b0b0
5424638,"s7, s5",Lime
5425180,"s7, s5",Lime
5425488,"s9, s5",Lime
5426604,"s9, s5",Lime
5426606,"s7, s9, s5",Lime
5426612,"s7, s5",Lime
5426862,"s7, s9",#b0b0b0
5426868,"s7, s9",#b0b0b0
5426992,"s7, s5",Lime
5427068,"s7, s5",Lime
5427772,"s7, s5",Lime
5427780,"s7, s5(2)",Green
5427788,"s7, s5(3)",Green
5427796,s5(3),Green
5430046,s7,#b0b0b0
5430500,"s7, s5",Lime
5430978,"s7, s5",Lime
5431100,"s7, s9(2)",#b0b0b0
5431920,"s7, s5",Lime
5432232,s9,#b0b0b0
5432330,"s7, s5",Lime
5432596,"s7, s5",Lime
5432786,s9,#b0b0b0
5433292,s9,#b0b0b0
5433748,"s9, s5",Lime
5434950,"s7, s5",Lime
5435094,"s7, s5",Lime
5435556,"s7, s9",#b0b0b0
5435576,"s7, s9, s5",Lime
5436368,"s7, s9",#b0b0b0
5436758,"s7, s5",Lime
5436796,"s7, s9",#b0b0b0
5438608,"s7, s9",#b0b0b0
5439046,"s7, s5",Lime
5439780,"s7(2), s9",#b0b0b0
5439946,"s7, s9, s5",Lime
5440394,"s7, s5",Lime
5441920,"s9, s5",Lime
5442114,"s7, s9, s5",Lime
5442854,"s9, s5",Lime
5442856,s5,Lime
5442922,"s7, s5",Lime
5442924,"s7, s9, s5",Lime
5443038,s9,#b0b0b0
5443476,"s7, s5",Lime
5444314,s9,#b0b0b0
5444500,"s7, s5",Lime
5444828,"s7, s9, s5",Lime
5445922,s9(2),#b0b0b0
5445930,"s9(2), s5",Green
5446718,"s7, s9",#b0b0b0
5446932,"s7, s9",#b0b0b0
5447814,"s7, s5",Lime
5448398,"s7, s9, s5",Lime
5448584,"s7, s5",Lime
5449094,"s7, s5",Lime
5449308,"s9, s5",Lime
5449312,s5,Lime
5449644,"s7, s9",#b0b0b0
5450024,"s7, s5",Lime
5450202,"s7, s9",#b0b0b0
5450214,"s7, s9, s5",Lime
5450668,"s7, s9",#b0b0b0
5451414,"s7, s5",Lime
5453454,"s7, s5",Lime
5453634,"s7, s9",#b0b0b0
5453640,s7,#b0b0b0
5453908,"s7, s5",Lime
5454140,"s7, s9, s5",Lime
5454142,"s7, s5",Lime
5454620,"s7, s5",Lime
5455482,"s9, s5",Lime
5455658,s5(2),Green
5456650,"s7, s9",#b0b0b0
5456662,"s7, s5",Lime
5457040,"s7, s5",Lime
5457644,s5,Lime
5457768,"s7, s5",Lime
5457846,"s7, s5",Lime
5458096,"s9, s5",Lime
5458516,"s9, s5",Lime
5458848,"s7, s9",#b0b0b0
5459162,"s7, s5",Lime
5459366,"s7, s5",Lime
5459760,"s7, s5",Lime
5460092,"s7, s5",Lime
5460222,"s7(2), s9, s5",Green
5461102,s5,Lime
5461104,"s7, s9, s5",Lime
5461464,s9,#b0b0b0
5461696,"s7, s5",Lime
5462924,"s7, s5",Lime
5463824,"s7, s9",#b0b0b0
5464726,s5(2),Green
5464950,s9,#b0b0b0
5465064,"s7, s9, s5",Lime
5465782,s9,#b0b0b0
5465788,"s7, s5",Lime
5466008,"s7, s9, s5",Lime
5466218,"s9, s5",Teal
5466280,"s7, s5",Lime
5466282,"s7, s5(4)",Green
5466956,"s7, s5",Lime
5467456,"s7, s5",Lime
5467604,"s7, s9, s5",Lime
5467704,"s7, s9(4)",Orange
5468466,"s7, s5",Lime
5469486,"s7, s5",Lime
5469524,"s7(4), s5",Green
5469550,"s7, s9, s5",Lime
5469734,"s7, s9",#b0b0b0
5470052,"s7, s5",Lime
5470706,"s7, s9",#b0b0b0
5470824,"s7, s5",Lime
5471042,"s7, s5",Lime
5471070,"s7, s9",#b0b0b0
5471180,"s7, s5",Lime
5471290,"s9, s5",Lime
5471864,"s7, s9, s5",Lime
5472708,"s9, s5",Lime
5473390,"s7, s9, s5",Lime
5474158,"s9, s5",Lime
5474268,"s7, s9, s5",Lime
5474978,"s7, s5",Lime
5475576,"s7, s9",#b0b0b0
5476490,"s7, s5",Lime
5476492,"s7, s5(2)",Green
5476724,"s7, s5",Lime
5477542,s9,#b0b0b0
5477730,"s7, s9, s5",Lime
5477824,"s9, s5",Lime
5477868,"s7, s9",#b0b0b0
5478124,s7,#b0b0b0
5478216,"s7(2), s5",Green
5478224,"s7(2), s9(2), s5(2)",Green
5478264,s9(2),#b0b0b0
5478714,"s7, s5",Lime
5479076,"s7, s5",Lime
5479250,"s7, s9, s5",Lime
5479602,"s9, s5",Lime
5479636,"s7, s5",Lime
5479746,"s7, s9, s5",Lime
5479748,"s7, s9",#b0b0b0
5479964,"s7, s5",Lime
5480060,"s7, s9",#b0b0b0
5480606,"s7, s9",#b0b0b0
5481138,"s7, s5",Lime
5481168,"s7, s5",Lime
5482268,"s7, s5",Lime
5482698,"s7, s5",Lime
5482840,"s7, s5",Lime
5483050,"s9, s5",Lime
5483748,"s7, s5",Lime
5483818,"s7, s5",Lime
5483820,"s7, s9, s5",Lime
5484026,"s7, s5",Lime
5484230,"s7, s9",#b0b0b0
5484514,"s7, s9",#b0b0b0
5484626,"s7, s9",#b0b0b0
5484962,"s7, s5",Lime
5485764,"s9, s5",Lime
5486032,"s7, s5",Lime
5486206,"s7, s5",Lime
5486618,"s7, s5",Lime
5487210,"s9, s5",Lime
5487256,"s7, s9, s5",Lime
5487374,"s7, s5",Lime
5487422,"s7, s5",Lime
5487512,"s9, s5",Lime
5487548,"s7, s5",Lime
5487580,"s7, s5",Lime
5487680,"s7, s9",#b0b0b0
5488202,"s7, s9, s5",Lime
5488204,"s7, s5",Lime
5488354,s7(4),Orange
5488362,s7(5),Orange
5488370,s7(4),Orange
5488374,s7(2),#b0b0b0
5488786,"s7, s5",Lime
5488792,"s7, s5",Lime
5489272,"s7, s9",#b0b0b0
5489280,"s7(2), s9, s5",Green
5489284,s9,#b0b0b0
5489286,"s7, s9",#b0b0b0
5489898,"s7, s5",Lime
5489972,s7,#b0b0b0
5490028,"s7, s5",Lime
5490178,"s7, s9",#b0b0b0
5490238,"s7, s5",Lime
5491056,"s7, s9(2), s5",Green
5491474,"s7, s9, s5",Lime
5491798,"s7, s5",Lime
5491812,"s7, s9, s5",Lime
5491814,s9,#b0b0b0
5491840,"s7, s9, s5",Lime
5492442,"s7, s5",Lime
5492668,"s9(2), s5",Green
5492674,s9,#b0b0b0
5493024,"s7, s5",Lime
5493026,"s7, s9, s5",Lime
5493056,"s7, s5",Lime
5493294,"s9, s5",Lime
5493428,"s7(2), s9",#b0b0b0
5493430,"s7, s9",#b0b0b0
5493584,"s7, s9, s5",Lime
5493612,"s7, s9, s5",Lime
5493668,"s7, s9",#b0b0b0
5493674,"s7, s9",#b0b0b0
5493804,"s7, s9(2)",#b0b0b0
5493808,s9(2),#b0b0b0
5493844,"s7, s9",#b0b0b0
5494460,"s7, s5",Lime
5494550,"s7, s5",Lime
5494746,"s7, s5",Lime
5495482,"s7, s9, s5",Lime
5495514,"s7, s5",Lime
5495546,"s7, s5",Lime
5495622,"s7, s5",Lime
5495624,"s7, s9, s5",Lime
5495856,"s7, s5",Lime
5495944,"s7, s5",Lime
5496190,"s9, s5",Lime
5496278,"s7, s5",Lime
5496724,"s7, s5",Lime
5496852,"s7, s9, s5",Lime
5497216,"s7, s5",Lime
5497704,"s7, s5",Lime
5498078,"s7, s5",Lime
5498140,"s7, s5",Lime
5498204,"s7, s5",Lime
5498392,s9,#b0b0b0
5498464,"s7, s5",Lime
5498544,"s9, s5",Lime
5498578,"s7, s9, s5",Lime
5498630,s9,#b0b0b0
5498764,"s7, s9, s5",Lime
5499078,"s7, s5",Lime
5499100,"s7(2), s5",Green
5499192,"s7, s5",Lime
5499278,s9,#b0b0b0
5499300,"s7, s9, s5",Lime
5499714,"s7, s5",Lime
5499888,"s7, s9, s5",Lime
5500622,"s7, s9, s5",Lime
5500784,"s7, s5",Lime
5500814,"s7, s5",Lime
5500826,"s7, s9, s5",Lime
5501030,"s7, s9, s5",Lime
5501062,"s7, s9, s5",Lime
5501548,"s7, s9, s5",Lime
5501996,"s7, s5",Lime
5502124,"s7, s5",Lime
5502180,"s7, s9, s5",Lime
5502262,"s7, s9, s5",Lime
5502264,"s7, s9",#b0b0b0
5502314,"s7, s9, s5",Lime
5502316,s9,#b0b0b0
5502734,"s7, s5",Lime
5502776,"s7, s9, s5",Lime
5502848,"s7, s9, s5",Lime
5503066,"s7, s5",Lime
5503124,"s9, s5",Lime
5503240,"s7, s9, s5",Lime
5503306,"s7, s9, s5",Lime
5503874,"s7, s5",Lime
5503942,"s9, s5",Lime
5504070,"s7, s5",Lime
5504124,"s7, s5",Lime
5504152,"s7, s9",#b0b0b0
5504306,"s7, s9, s5",Lime
5504312,"s7, s5",Lime
5504566,"s7, s9, s5",Lime
5504696,"s7, s9, s5",Lime
5504974,s9,#b0b0b0
5505138,s9,#b0b0b0
5505140,"s7, s9",#b0b0b0
5505220,"s7, s5",Lime
5505378,"s7, s5",Lime
5506068,"s7, s5",Lime
5506070,"s7, s9, s5",Lime
5506160,"s7, s9",#b0b0b0
5506328,"s7, s5",Lime
5506376,"s7, s5",Lime
5506516,"s7, s9, s5",Lime
5506686,s9,#b0b0b0
5506930,"s7(3), s9(5), s5(3)",Green
5506938,"s7(2), s5(3)",Green
5507040,"s7(2), s9(2)",#b0b0b0
5507258,"s9, s5",Lime
5507410,"s7, s5(3)",Green
5507414,"s7, s5(2)",Green
5507416,"s7, s5(4)",Green
5507716,"s7(2), s9, s5",Green
5507860,"s7, s5",Lime
5507914,s9(2),#b0b0b0
5507916,"s7, s9(2)",#b0b0b0
5508012,"s7, s9, s5",Lime
5508728,"s7, s9, s5",Lime
5508834,"s7, s9",#b0b0b0
5508922,"s7, s9, s5",Lime
5509378,s7,#b0b0b0
5510016,"s7, s5",Lime
5510132,"s7, s9",#b0b0b0
5510280,"s7, s9, s5",Lime
5510380,"s9(2), s5",Green
5510382,s9(2),#b0b0b0
5510394,"s7, s9, s5",Lime
5510520,"s7, s5",Lime
5510576,"s7, s9, s5",Lime
5510588,"s7, s5",Lime
5510612,"s7, s5",Lime
5510780,"s7, s9, s5",Lime
5511274,"s7, s5",Lime
5511658,s7(4),Orange
5511666,s7(4),Orange
5511706,s7(5),Orange
5511728,s7(4),#b0b0b0
5512348,"s7, s9, s5",Lime
5512450,"s7, s5",Lime
5512880,"s9, s5",Lime
5512926,"s7, s9, s5",Lime
5512970,s7,#b0b0b0
5513504,"s7, s5",Lime
5513598,"s9, s5(2)",Green
5513726,"s7, s5",Lime
5513740,"s7, s5",Lime
5514070,"s7, s5",Lime
5514072,"s7, s9, s5",Teal
5514122,"s7, s5",Lime
5514136,"s7, s5",Lime
5514668,"s7, s9, s5",Lime
5514792,"s7, s9, s5",Lime
5514796,"s7, s5",Lime
5514844,s7,#b0b0b0
5514846,"s7, s5",Lime
5514920,"s7, s9, s5",Lime
5515130,"s7, s5",Lime
5515248,"s7, s9, s5",Lime
5515450,s7(2),#b0b0b0
5515566,"s7, s5",Lime
5515686,"s7, s5",Lime
5515688,"s7, s9, s5",Lime
5515924,s7,#b0b0b0
5515960,"s7, s5",Lime
5516648,"s7, s5",Lime
5516894,"s7, s9",#b0b0b0
5517440,"s7, s9, s5",Lime
5517690,s9,#b0b0b0
5518112,"s7, s5",Lime
5518172,"s7, s5",Lime
5518188,"s7, s9, s5",Lime
5518222,"s7, s9, s5",Lime
5518340,"s7, s5",Lime
5518410,"s7, s9, s5",Lime
5518472,"s7, s9, s5",Lime
5518474,"s7, s5",Lime
5518630,s7(5),Orange
5518636,s7,#b0b0b0
5518974,"s7, s9, s5",Lime
5518980,"s7, s5",Lime
5519058,"s7, s9",#b0b0b0
5519188,"s7, s5",Lime
5519620,"s7, s9, s5",Lime
5519696,"s7, s5",Teal
5520302,"s7, s5",Lime
5520304,s5,Lime
5520536,"s7, s9",#b0b0b0
5520544,"s7, s9",#b0b0b0
5520564,"s7, s5",Lime
5520666,"s7, s5",Lime
5521244,"s7, s9(2)",#b0b0b0
5521246,"s7, s9(2), s5",Green
5521562,"s7, s5",Lime
5521644,"s7, s5",Lime
5521748,"s7, s5",Lime
5521944,s9(2),#b0b0b0
5521996,s9,#b0b0b0
5522364,"s7, s5",Lime
5522378,"s7, s9, s5",Lime
5522390,"s7, s5",Lime
5522612,"s7, s9, s5",Lime
5522816,"s7, s9",#b0b0b0
5522980,"s7, s5",Lime
5523644,s5,Lime
5523646,"s9, s5",Lime
5524228,"s7, s5",Lime
5524230,"s7, s9, s5",Lime
5524464,"s7, s9, s5",Lime
5525002,"s7, s9, s5",Lime
5525040,s7,#b0b0b0
5525178,"s7, s9, s5",Lime
5525482,"s7, s9, s5",Lime
5525744,"s7, s9, s5",Lime
5525746,"s7, s5",Lime
5526038,"s7, s5",Lime
5526194,"s7, s5",Lime
5526596,"s9, s5",Lime
5526798,"s7, s5",Lime
5526866,"s7, s9, s5",Lime
5527088,"s7(2), s5",Green
5527106,"s7, s9(2), s5",Green
5527192,"s7, s9, s5",Lime
5527320,"s7(2), s9(2), s5",Green
5527700,"s7, s9, s5",Lime
5527770,"s7, s9, s5",Lime
5527938,"s7, s9",#b0b0b0
5528440,"s7, s5",Lime
5528470,"s7, s9, s5",Lime
5528614,"s7, s9, s5",Lime
5528670,"s7, s5",Lime
5529252,"s7(2), s9(2), s5",Green
5529360,"s7, s9, s5",Lime
5529366,"s7, s5",Lime
5529422,s5,Lime
5529540,"s7(2), s9",#b0b0b0
5529908,"s7, s5",Lime
5529990,"s7, s5(4)",Green
5530006,"s7(3), s9(2), s5(2)",Green
5530010,"s7(2), s9, s5",Green
5530420,"s7, s5",Lime
5530462,"s7, s5",Lime
5530464,"s7, s9, s5",Lime
5531150,"s7, s5",Lime
5531628,"s7(2), s9(3)",Orange
5531758,"s7(2), s9",#b0b0b0
5531760,"s7(2), s9, s5(2)",Green
5531854,"s7(2), s9(3)",#b0b0b0
5532022,"s7, s9, s5",Lime
5532024,"s7, s5",Lime
5532164,"s7, s5",Lime
5532182,s7(4),Orange
5532212,"s7, s5",Lime
5532810,"s7, s9, s5",Lime
5532928,"s7(2), s9(2)",#b0b0b0
5532934,"s7, s9(2)",#b0b0b0
5533024,"s7, s9(3)",Orange
5533074,"s9, s5",Lime
5533254,"s7, s9, s5",Lime
5533322,s9,#b0b0b0
5533362,s9,#b0b0b0
5533428,s7,#b0b0b0
5533430,s5,Lime
5533432,s9,#b0b0b0
5533490,s5(2),Green
5533514,s5,Lime
5533550,s9,#b0b0b0
5533582,s5,Lime
5533704,s5,Lime
5533718,s7(3),#b0b0b0
5533916,s7(4),#b0b0b0
5534168,"s7(2), s9",#b0b0b0
5534184,s5,Lime
5534266,s5,Lime
5534442,s5,Lime
5534542,s9,#b0b0b0
5534544,s7,#b0b0b0
5534550,s9,#b0b0b0
5534744,"s7, s5",Lime
5534774,s5,Lime
5534858,s5,Lime
5534872,s9,#b0b0b0
5534958,s9,#b0b0b0
5534992,s5,Lime
5535054,s7,#b0b0b0
5535104,s7,#b0b0b0
5535124,s5,Lime
5535164,"s7, s5",Teal
5535192,s5,Lime
5535278,"s7, s5",Lime
5535324,"s7(2), s5",Green
5535382,s9,#b0b0b0
5535392,"s7, s5(3)",Green
5535446,nobody,#b0b0b0
5535550,s9,#b0b0b0
5535572,"s7, s5",Lime
5535592,s9,#b0b0b0
5535594,"s7, s5",Lime
5535678,"s7(2), s9(2), s5(3)",Green
5535748,s9,#b0b0b0
5535780,s5,Lime
5535798,s9,#b0b0b0
5535846,"s7, s5",Lime
5535864,"s7, s5",Lime
5535898,"s7, s5",Lime
5535956,s9,#b0b0b0
5536022,"s7, s9, s5",Lime
5536070,s9,#b0b0b0
5536074,"s7, s5",Lime
5536094,"s7, s5",Lime
5536108,s5,Lime
5536118,"s7, s9, s5",Lime
5536138,"s7, s9, s5",Lime
5536142,nobody,#b0b0b0
5536150,s7,#b0b0b0
5536162,s9,#b0b0b0
5536216,s9,#b0b0b0
5536226,s7,#b0b0b0
5536228,"s7, s5",Lime
5536240,"s7, s5",Lime
5536258,s9(2),#b0b0b0
5536290,s9,#b0b0b0
5536292,"s9, s5",Lime
5536354,s7,#b0b0b0
5536374,s9,#b0b0b0
5536436,s5,Lime
5536466,"s7, s5",Lime
5536514,s9,#b0b0b0
5536518,s5,Lime
5536522,"s7, s5",Lime
5536528,"s7, s9, s5(2)",Green
5536530,s7,#b0b0b0
5536540,s5,Lime
5536546,"s7, s9, s5",Lime
5536570,"s7, s9, s5",Lime
5536592,s5,Lime
5536638,s9,#b0b0b0
5536660,s9,#b0b0b0
5536672,"s7, s5",Lime
5536684,"s7, s5",Lime
5536720,"s7, s5",Lime
5536722,s7,#b0b0b0
5536746,"s9, s5",Lime
5536766,"s7, s9, s5",Lime
5536830,"s7, s9, s5",Lime
5536848,s5,Lime
5536850,s5,Lime
5536862,"s7, s9",#b0b0b0
5536864,"s9(2), s5",Green
5536870,s9,#b0b0b0
5536890,s7,#b0b0b0
5536922,"s7, s9, s5",Teal
5536934,s7,#b0b0b0
5536946,s9,#b0b0b0
5536962,"s7, s5",Lime
5537060,s9,#b0b0b0
5537074,"s7, s9, s5",Lime
5537080,s9,#b0b0b0
5537094,s9,#b0b0b0
5537120,s9,#b0b0b0
5537154,s9,#b0b0b0
5537160,"s7, s5",Lime
5537190,"s7, s9",#b0b0b0
5537194,s9(4),#b0b0b0
5537214,s9,#b0b0b0
5537216,"s7, s5",Lime
5537222,s5,Lime
5537228,s9,#b0b0b0
5537238,s7,#b0b0b0
5537254,s9,#b0b0b0
5537258,"s7, s9, s5",Lime
5537332,s7,#b0b0b0
5537386,"s7, s5",Lime
5537394,s9,#b0b0b0
5537420,s9,#b0b0b0
5537464,s9,#b0b0b0
5537472,"s7, s9, s5",Lime
5537474,"s7, s9",#b0b0b0
5537490,"s7, s5",Lime
5537498,"s7, s5",Lime
5537502,s5,Lime
5537508,s5,Lime
5537514,s9,#b0b0b0
5537532,s9,#b0b0b0
5537606,s7(2),#b0b0b0
5537608,s9,#b0b0b0
5537610,s9,#b0b0b0
5537622,s5,Lime
5537650,s7,#b0b0b0
5537664,"s7(5), s9",Orange
5537666,s7(4),#b0b0b0
5537742,"s7, s5",Lime
5537838,s9,#b0b0b0
5537844,"s7, s5",Lime
5537874,"s7, s5",Lime
5537908,"s7, s5",Lime
5537912,s9,#b0b0b0
5537930,s9,#b0b0b0
5537962,"s7, s9",#b0b0b0
5537970,s9,#b0b0b0
5537992,"s9, s5",Lime
5538042,s9,#b0b0b0
5538094,s9,#b0b0b0
5538100,s7,#b0b0b0
5538154,nobody,#b0b0b0
5538190,s7,#b0b0b0
5538192,"s7, s5",Lime
5538218,"s7, s5",Lime
5538254,s5,Lime
5538292,s7,#b0b0b0
5538310,s9,#b0b0b0
5538312,"s7(2), s9(2)",#b0b0b0
5538318,s9,#b0b0b0
5538380,"s7, s9, s5(2)",Green
5538388,s9,#b0b0b0
5538520,s5,Lime
5538914,s5,Lime
5539060,s9,#b0b0b0
5539160,s5,Lime
5539174,s7,#b0b0b0
5539278,s9,#b0b0b0
5539410,s9,#b0b0b0
5539482,s7,#b0b0b0
5539502,s9,#b0b0b0
5539556,s5,Lime
5539558,s9,#b0b0b0
5539598,s9,#b0b0b0
5539620,s9,#b0b0b0
5539658,s7,#b0b0b0
5539708,s9,#b0b0b0
5539736,s9,#b0b0b0
5539754,"s7, s5",Lime
5539776,nobody,#b0b0b0
5539798,s5,Lime
5539818,s5,Lime
5539890,s7,#b0b0b0
5540052,s9,#b0b0b0
5540112,"s7, s5",Lime
5540150,s7,#b0b0b0
5540172,s9,#b0b0b0
5540440,s9,#b0b0b0
5540444,s7,#b0b0b0
5540458,s9(4),#b0b0b0
5540460,s5,Lime
5540484,nobody,#b0b0b0
5540524,s9,#b0b0b0
5540572,s9,#b0b0b0
5540600,s5,Lime
5540638,s7(2),#b0b0b0
5540642,s9,#b0b0b0
5540662,"s9(2), s5(3)",Green
5540728,s9,#b0b0b0
5541044,s7,#b0b0b0
5541052,s7,#b0b0b0
5541054,s5,Lime
5541088,s9,#b0b0b0
5541108,s5,Lime
5541126,s5(4),Green
5541156,s5,Lime
5541236,nobody,#b0b0b0
5541374,s5,Lime
5541404,s5,Lime
5541412,s9,#b0b0b0
5541426,s7,#b0b0b0
5541436,s9,#b0b0b0
5541454,s9,#b0b0b0
5541456,s9,#b0b0b0
5541480,"s7(4), s9",Orange
5541488,s5,Lime
5541490,"s7, s5",Lime
5541492,s7,#b0b0b0
5541496,s9,#b0b0b0
5541516,s9,#b0b0b0
5541528,s7,#b0b0b0
5541532,s9,#b0b0b0
5541580,"s7, s9",#b0b0b0
5541626,s5,Lime
5541666,"s7, s9",#b0b0b0
5541698,"s7, s5",Lime
5541740,"s7, s9",#b0b0b0
5541742,s7,#b0b0b0
5541750,"s7(2), s5(3)",Green
5541774,s5,Lime
5541878,s5,Lime
5541884,s5,Lime
5541886,"s7, s9",#b0b0b0
5541890,s7,#b0b0b0
5541904,s7,#b0b0b0
5541918,"s7, s5",Lime
5541924,"s7, s9, s5",Lime
5541950,"s7, s5",Lime
5541958,s9,#b0b0b0
5541966,s9,#b0b0b0
5541970,"s7, s9, s5",Lime
5541994,s7,#b0b0b0
5542102,s7,#b0b0b0
5542116,s7,#b0b0b0
5542118,s5,Lime
5542150,s9,#b0b0b0
5542214,"s9, s5",Lime
5542222,"s7, s9",#b0b0b0
5542250,s9(3),#b0b0b0
5542314,s9,#b0b0b0
5542316,s9,#b0b0b0
5542334,s7,#b0b0b0
5542390,"s7, s9, s5",Lime
5542442,"s7, s5",Lime
5542494,s7,#b0b0b0
5542502,"s7, s9, s5",Lime
5542514,s9,#b0b0b0
5542518,"s7, s5",Lime
5542534,s7,#b0b0b0
5542550,s7,#b0b0b0
5542578,nobody,#b0b0b0
5542634,s9,#b0b0b0
5542678,s7,#b0b0b0
5542704,"s7, s9",#b0b0b0
5542706,s9,#b0b0b0
5542746,s9(2),#b0b0b0
5542750,s9,#b0b0b0
5542772,s7,#b0b0b0
5542842,"s7, s9, s5",Lime
5542886,s9,#b0b0b0
5542902,"s7, s9, s5",Lime
5542908,s5,Lime
5542910,s5(2),Green
5542928,s9,#b0b0b0
5543050,s9,#b0b0b0
5543052,"s7, s9, s5",Lime
5543068,"s7, s9, s5",Lime
5543102,s9,#b0b0b0
5543132,"s7, s9, s5",Lime
5543174,s9,#b0b0b0
5543182,s5,Lime
5543188,s9,#b0b0b0
5543206,s9,#b0b0b0
5543220,s9,#b0b0b0
5543240,s7,#b0b0b0
5543268,s9,#b0b0b0
5543280,s5(2),Green
5543328,"s7, s9, s5",Lime
5543350,"s7, s5",Lime
5543374,s7,#b0b0b0
5543376,nobody,#b0b0b0
5543466,s7,#b0b0b0
5543492,"s7, s5",Lime
5543508,s9,#b0b0b0
5543510,s9,#b0b0b0
5543520,nobody,#b0b0b0
5543522,s9,#b0b0b0
5543568,s9,Yellow
5543586,s9,#b0b0b0
5543628,s5,Lime
5543672,s9,#b0b0b0
5543676,s7(2),#b0b0b0
5543686,"s7, s9",#b0b0b0
5543706,s9,#b0b0b0
5543714,nobody,Yellow
5543722,"s7, s9, s5",Lime
5543730,"s7, s5",Lime
5543734,s9,#b0b0b0
5543748,s9,#b0b0b0
5543750,s7(2),Orange
5543752,nobody,#b0b0b0
5543776,"s7, s5",Lime
5543784,s9,#b0b0b0
5543816,"s7, s9, s5",Lime
5543820,s9,#b0b0b0
5543830,s9,#b0b0b0
5543832,s9,#b0b0b0
5543858,s7,#b0b0b0
5543872,s9(3),#b0b0b0
5543874,s9,#b0b0b0
5543880,s9,#b0b0b0
5543890,"s7, s5",Lime
5543970,s9,#b0b0b0
5543984,s9,#b0b0b0
5543996,s9,#b0b0b0
5544014,s5,Lime
5544016,s9,#b0b0b0
5544048,s9,#b0b0b0
5544056,s9,#b0b0b0
5544102,"s7, s5",Lime
5544146,"s7, s5",Lime
5544168,s9(4),#b0b0b0
5544190,"s7, s9",#b0b0b0
5544204,"s7, s9(2), s5",Green
5544206,s7,#b0b0b0
5544302,nobody,#b0b0b0
5544410,"s7, s9(4)",#b0b0b0
5544472,s9,#b0b0b0
5544638,s7,#b0b0b0
5544658,"s7, s5",Lime
5544724,s9,#b0b0b0
5544762,s7,#b0b0b0
5544784,nobody,#b0b0b0
5544836,nobody,#b0b0b0
5544904,s7,#b0b0b0
5544906,s5,Lime
5545022,s9,#b0b0b0
5545034,"s7, s9, s5",Lime
5545040,"s7, s5",Lime
5545042,s9,#b0b0b0
5545128,s9,#b0b0b0
5545130,s9,#b0b0b0
5545178,nobody,#b0b0b0
5545246,s9,#b0b0b0
5545374,s7,#b0b0b0
5545396,s5,Lime
5545472,s7,#b0b0b0
5545476,nobody,#b0b0b0
5545500,s5,Lime
5545592,s9,#b0b0b0
5545618,"s7, s9, s5",Lime
5545682,s9,#b0b0b0
5545702,s9,#b0b0b0
5545714,"s7, s5",Lime
5545724,"s9, s5",Lime
5545732,s7,#b0b0b0
5545734,s9,#b0b0b0
5545752,"s7, s9, s5",Lime
5545758,"s7, s5",Lime
5545838,s9,#b0b0b0
5545868,"s7, s5",Lime
5545904,"s7, s9",#b0b0b0
5545934,s7,#b0b0b0
5545966,s7,#b0b0b0
5545980,s7,#b0b0b0
5545998,s9,#b0b0b0
5546024,s9,#b0b0b0
5546030,s9,#b0b0b0
5546048,"s7, s5",Lime
5546062,s5(3),Green
5546082,s9,#b0b0b0
5546102,s5,Lime
5546126,"s7, s9",#b0b0b0
5546176,s7(2),#b0b0b0
5546186,s9,#b0b0b0
5546190,s9,#b0b0b0
5546202,s9,#b0b0b0
5546226,s9,#b0b0b0
5546248,s9,#b0b0b0
5546252,"s7, s5",Lime
5546270,s9,#b0b0b0
5546274,s7,#b0b0b0
5546276,s7(2),#b0b0b0
5546282,s5,Lime
5546302,"s7, s5",Lime
5546322,s7,#b0b0b0
5546362,s5(2),Green
5546374,s9,#b0b0b0
5546376,s5,Lime
5546378,s7,#b0b0b0
5546404,"s7, s5",Lime
5546416,s5,Lime
5546454,s9,#b0b0b0
5546466,s9,#b0b0b0
5546496,s9,#b0b0b0
5546498,s9,#b0b0b0
5546526,nobody,#b0b0b0
5546564,s9,#b0b0b0
5546576,nobody,Yellow
5546600,s9,#b0b0b0
5546634,s9,#b0b0b0
5546728,"s7, s5",Lime
5546740,s9,#b0b0b0
5546746,s7(4),#b0b0b0
5546786,s9,#b0b0b0
5546826,s9,#b0b0b0
5546908,s9,#b0b0b0
5546952,s9,#b0b0b0
5546972,s7,#b0b0b0
5546996,s9,#b0b0b0
5547010,s9,#b0b0b0
5547034,"s7, s5",Lime
5547038,s9,#b0b0b0
5547062,"s7, s5",Lime
5547068,"s7, s5",Lime
5547076,"s7, s9",#b0b0b0
5547110,s9,#b0b0b0
5547126,nobody,#b0b0b0
5547142,s9,#b0b0b0
5547166,s7,#b0b0b0
5547186,s9,#b0b0b0
5547198,s9,#b0b0b0
5547284,s9(2),#b0b0b0
5547288,s9,#b0b0b0
5547332,s5,Lime
5547338,s9,#b0b0b0
5547364,s9,#b0b0b0
5547398,s7,#b0b0b0
5547450,s9,#b0b0b0
5547496,s9,#b0b0b0
5547504,s9,#b0b0b0
5547552,s9,#b0b0b0
5547578,s9,#b0b0b0
5547624,s5,Teal
5547764,s7(3),#b0b0b0
5547796,s9(2),#b0b0b0
5547830,s7(2),#b0b0b0
5547900,s7,#b0b0b0
5547918,s7(3),Orange
5547934,s7(2),#b0b0b0
5547974,s7,#b0b0b0
5547992,s7,#b0b0b0
5548022,s5,Lime
5548054,s9,#b0b0b0
5548076,s9,#b0b0b0
5548096,nobody,#b0b0b0
5548110,s9,#b0b0b0
5548152,s9,#b0b0b0
5548182,"s7, s9, s5",Lime
5548192,s9,#b0b0b0
5548222,s9,#b0b0b0
5548256,s9,#b0b0b0
5548384,s5,Lime
5548508,s9,#b0b0b0
5548536,s7(4),Orange
5548538,s9,#b0b0b0
5548550,s9,#b0b0b0
5548570,nobody,#b0b0b0
5548572,s5(2),Green
5548600,s5(2),Green
5548606,s9,#b0b0b0
5548626,s7(2),#b0b0b0
5548646,"s9(3), s5",Green
5548710,s9,#b0b0b0
5548732,"s7, s5",Lime
5548762,s9,#b0b0b0
5548764,s9,#b0b0b0
5548830,s7,#b0b0b0
5548848,s5,Lime
5548866,"s7, s5",Lime
5548918,"s7, s9, s5",Teal
5548952,"s7, s5",Lime
5548970,s9,#b0b0b0
5549022,s5(4),Green
5549058,s5,Lime
5549062,s5,Lime
5549068,s5,Lime
5549106,"s7, s5(2)",Green
5549124,s9,#b0b0b0
5549138,"s7, s9(4), s5",Green
5549194,"s7, s5",Lime
5549202,s7,#b0b0b0
5549208,s7,#b0b0b0
5549244,s9,#b0b0b0
5549270,"s7, s5",Lime
5549336,s7,#b0b0b0
5549352,"s7, s9",#b0b0b0
5549420,"s7, s5",Lime
5549426,s9(2),#b0b0b0
5549468,nobody,Yellow
5549480,s9(2),#b0b0b0
5549486,s9,#b0b0b0
5549526,nobody,#b0b0b0
5549738,"s7, s9",#b0b0b0
5549742,s7(2),#b0b0b0
5550058,s9(2),#b0b0b0
5550070,s9,#b0b0b0
5550396,"s7, s5(3)",Green
5550404,"s7, s5",Teal
5551400,s7,#b0b0b0
5551578,nobody,Yellow
5552036,"s7, s5",Lime
5552936,"s7, s5",Lime
5552952,s5(3),Green
5552960,s5(2),Green
5552972,s5,Teal
5553272,s5,Lime
5553894,s9(3),#b0b0b0
5553902,s9(3),Orange
5553932,"s9(9), s5(7)",Green
5554022,"s7(2), s9(5)",Orange
5554028,"s7(2), s9(2)",#b0b0b0
5555094,"s7, s5",Lime
5555826,"s7, s5",Lime
5555874,nobody,Yellow
5556026,"s7, s5",Lime
5556602,s5(7),Green
5557030,s7,#b0b0b0
5558584,"s7, s9(2)",#b0b0b0
5558590,"s7, s9",#b0b0b0
5558814,"s7(3), s5",Green
5558822,"s7(3), s5(3)",Green
5558830,"s7(5), s9(5), s5(3)",Green
5558906,s7(2),#b0b0b0
5559596,"s7, s9, s5",Lime
5559598,"s7, s5",Lime
5559988,nobody,#b0b0b0
5560322,"s7(2), s5",Green
5560456,s9,#b0b0b0
5560638,s5(2),Green
5561024,nobody,Yellow
5562462,s9(4),Orange
5562470,s9(2),#b0b0b0
5563544,"s7, s9(7)",Orange
5563548,s9(7),Orange
5563550,s9(7),Orange
5565068,nobody,#b0b0b0
5565070,nobody,Yellow
5565248,nobody,Yellow
5565610,s9,#b0b0b0
5565612,s9(3),#b0b0b0
5566040,s9,Yellow
5567222,"s7, s5",Lime
5567856,nobody,Yellow
5568640,nobody,#b0b0b0
5568648,s7,#b0b0b0
5569224,"s7(2), s9",#b0b0b0
5569346,"s7, s9, s5",Lime
5569352,"s7, s5",Lime
5569532,"s7, s9(14), s5(3)",Green
5569752,"s7, s5",Lime
5570250,"s7, s5",Lime
5570286,"s7, s5",Lime
5570420,"s7, s5",Lime
5570426,"s7, s5",Lime
5570504,"s7, s5",Lime
5570924,"s7, s9, s5",Lime
5570926,"s7, s5",Lime
5571058,"s7, s5",Lime
5571344,"s7, s9(2), s5(2)",Green
5571462,"s7(2), s5",Green
5571464,"s7, s5",Lime
5571516,"s7, s5",Lime
5571546,"s7, s5",Lime
5571752,"s9, s5",Teal
5571814,s7(2),#b0b0b0
5571816,s7(5),#b0b0b0
5571886,s5(2),Green
5571890,"s9, s5",Lime
5571930,"s7, s5",Lime
5571974,"s9, s5",Lime
5572022,"s7, s5",Lime
5572092,s5(3),Green
5572104,"s7, s5",Lime
5572232,"s7, s5",Lime
5572296,"s7(7), s5(7)",Green
5572318,"s7, s5",Lime
5572448,"s7, s5",Lime
5572452,s5,Lime
5572454,s5,Lime
5572892,"s7, s5",Lime
5573332,"s7, s5",Lime
5573392,"s7, s9, s5",Lime
5573456,"s9(2), s5",Green
5573484,s9(2),#b0b0b0
5573526,"s7, s9, s5",Lime
5573666,"s7, s9(2)",#b0b0b0
5573716,"s7, s9, s5",Lime
5573788,"s7, s5",Lime
5573812,"s7, s9, s5",Lime
5573820,s5(2),Green
5573832,"s7, s5",Lime
5573872,"s7, s5",Lime
5573884,"s7, s5",Lime
5573886,"s7, s9, s5",Lime
5574016,"s7(3), s9",Orange
5574066,"s7, s5",Lime
5574084,"s9, s5",Lime
5574148,"s7(7), s9(2)",Orange
5574156,"s7(7), s9(4)",Orange
5574180,"s7(7), s9(5), s5(7)",Green
5574188,"s7(6), s9(5), s5(4)",Green
5574206,"s9, s5",Lime
5574208,"s7, s9, s5",Lime
5574372,"s7, s9, s5",Lime
5574404,"s7, s9, s5",Lime
5574438,"s7(2), s9(2)",#b0b0b0
5574554,"s7, s5(5)",Green
5574578,"s7, s9, s5",Lime
5574580,"s9, s5",Lime
5574654,"s7, s9, s5",Lime
5574920,"s7, s5",Lime
5574922,"s7, s9, s5",Lime
5574994,"s7, s9",#b0b0b0
5575106,"s7(2), s5",Green
5575114,"s7, s5",Lime
5575122,"s7, s9, s5",Lime
5575130,"s7, s9(3), s5",Green
5575138,"s7, s9(2), s5",Green
5575142,"s7, s5",Lime
5575144,"s9(2), s5",Green
5575178,"s7, s9",#b0b0b0
5575242,"s9, s5",Lime
5575336,"s7, s5",Lime
5575396,"s9, s5",Lime
5575408,"s7, s9, s5",Lime
5575556,"s7, s9, s5",Lime
5575728,"s7, s5",Lime
5575730,"s7, s9, s5",Lime
5575816,"s7, s9",#b0b0b0
5575836,"s7, s5",Lime
5575848,"s7, s9, s5",Lime
5575910,"s7, s5",Lime
5575928,"s7, s9, s5",Lime
5575954,"s7, s9, s5",Lime
5576042,"s7(2), s9(2), s5",Green
5576160,"s9, s5",Lime
5576218,"s7, s5",Lime
5576248,"s7, s5",Lime
5576270,"s7(2), s9(3), s5(2)",Green
5576294,"s7(2), s9(2), s5",Green
5576298,"s7(2), s9(2)",#b0b0b0
5576362,"s7, s9, s5",Lime
5576368,"s7, s5",Lime
5576412,s5(4),Green
5576414,s5(3),Green
5576432,"s7, s9, s5",Lime
5576518,"s9, s5",Lime
5576658,"s7, s5",Lime
5576720,"s7, s5",Lime
5576802,"s7, s5",Lime
5576972,"s9, s5",Lime
5577082,"s7(2), s5",Green
5577090,"s7(3), s5",Green
5577096,s7(2),#b0b0b0
5577140,"s7, s9, s5",Lime
5577176,"s7, s9, s5",Lime
5577182,"s9, s5",Lime
5577310,"s7, s5",Lime
5577374,"s7, s9, s5",Lime
5577454,"s7, s9, s5",Lime
5577456,"s7, s5",Lime
5577670,"s9, s5",Lime
5577674,"s7, s9, s5",Lime
5577782,"s7, s5",Lime
5577890,"s7, s9, s5",Lime
5577942,"s7, s9, s5",Lime
5578002,"s7, s5",Lime
5578008,"s7, s9",#b0b0b0
5578056,"s7, s5",Lime
5578170,"s7, s5",Lime
5578192,"s7, s5",Lime
5578246,"s7, s5",Lime
5578356,"s7, s9, s5",Lime
5578362,"s7, s9, s5",Lime
5578390,"s7, s9(2)",#b0b0b0
5578528,"s7, s5",Lime
5578530,"s7, s9, s5",Lime
5578570,"s9, s5",Lime
5578572,"s7, s9(2), s5",Green
5578618,"s7, s9, s5",Teal
5578664,"s7, s5",Lime
5578864,"s9, s5",Lime
5578932,"s7, s9, s5",Lime
5578964,"s7, s9(2), s5",Green
5578982,"s7, s9",#b0b0b0
5579050,"s7, s5",Lime
5579062,"s7, s5",Lime
5579088,"s9, s5",Lime
5579208,"s7, s9, s5",Lime
5579216,"s7(2), s9, s5",Green
5579228,"s9, s5",Lime
5579284,"s9, s5",Lime
5579288,"s7, s9, s5",Lime
5579352,"s7, s9",#b0b0b0
5579384,s7,#b0b0b0
5579582,"s7, s5",Lime
5579928,"s7, s9, s5",Lime
5579930,"s7, s9",#b0b0b0
5579998,"s7, s5",Lime
5580028,"s7, s5",Lime
5580122,"s7, s5",Lime
5580170,"s7, s5",Lime
5580200,"s7, s5",Lime
5580228,"s7, s9, s5",Lime
5580258,"s7, s9",#b0b0b0
5580284,"s7, s9, s5",Lime
5580296,s9,#b0b0b0
5580316,"s9, s5",Lime
5580330,s7,#b0b0b0
5580362,"s9, s5",Lime
5580364,"s7, s9, s5",Lime
5580486,"s7, s5",Lime
5580576,"s9, s5",Lime
5580634,"s7, s5",Lime
5580754,"s7, s5",Lime
5580794,"s7, s9, s5",Lime
5580800,"s7, s5",Lime
5580838,"s7(2), s9(2), s5",Green
5580860,"s7, s5",Lime
5580908,"s7, s9, s5",Lime
5581080,"s9, s5",Lime
5581094,"s7, s9",#b0b0b0
5581166,"s7, s5",Lime
5581168,"s7, s9, s5",Lime
5581268,"s7, s5",Lime
5581270,"s7, s9, s5",Lime
5581414,"s7, s9, s5",Lime
5581518,"s7, s9, s5",Lime
5581776,"s7, s9, s5",Lime
5581846,"s7(3), s5",Green
5581876,"s7, s9, s5",Lime
5581880,"s7, s5",Lime
5581882,"s9, s5",Lime
5581926,"s7, s9, s5",Lime
5581970,"s7, s5",Lime
5581982,"s7, s9",#b0b0b0
5582082,"s7, s5",Lime
5582100,"s7, s9, s5",Lime
5582138,"s7, s5",Lime
5582220,"s7, s5",Lime
5582226,s7,#b0b0b0
5582320,"s7, s9, s5",Lime
5582332,"s7, s9, s5",Lime
5582334,"s7, s9",#b0b0b0
5582366,"s7, s9, s5",Lime
5582456,"s7, s9(2), s5",Green
5582572,"s7, s9, s5",Lime
5582838,"s7, s9",#b0b0b0
5582894,"s7, s5",Lime
5582932,"s9(2), s5(2)",Green
5583076,"s7, s5",Lime
5583108,"s7, s5",Lime
5583156,"s7, s5",Lime
5583246,"s7, s9, s5",Lime
5583292,"s7, s9, s5",Lime
5583322,"s7, s9(2), s5",Green
5583330,"s9(2), s5",Green
5583334,"s7, s9, s5",Lime
5583436,"s7, s9, s5",Lime
5583524,"s7, s9, s5",Lime
5583544,"s7, s5",Lime
5583582,"s7, s9, s5",Lime
5583634,"s7, s9",#b0b0b0
5583682,"s7, s5",Lime
5583852,"s7, s9",#b0b0b0
5583854,"s7, s9, s5",Lime
5583884,"s7, s5",Lime
5583980,"s7, s5",Lime
5584012,"s9, s5",Lime
5584060,"s7, s5",Lime
5584074,"s7(2), s9(4), s5",Green
5584076,"s7, s9, s5",Lime
5584102,"s7, s9, s5",Lime
5584124,s9(2),#b0b0b0
5584128,"s7, s9(2), s5",Green
5584130,s9(2),#b0b0b0
5584226,"s7, s9, s5",Lime
5584228,"s7, s5",Lime
5584234,"s7, s9, s5",Lime
5584600,"s7, s5",Lime
5584706,"s7, s5",Lime
5584798,"s7, s9, s5",Lime
5584802,"s7, s5",Lime
5584804,"s7, s5",Lime
5584836,"s7, s5",Lime
5584942,"s7, s9, s5",Lime
5584978,"s7, s9(2), s5",Green
5585092,"s7, s9, s5",Lime
5585110,"s7, s9, s5",Lime
5585230,s9(2),#b0b0b0
5585238,"s7, s9(3)",#b0b0b0
5585246,"s7(2), s9(4), s5",Green
5585270,s9(4),#b0b0b0
5585278,s9(6),#b0b0b0
5585286,"s7, s9(6), s5(3)",Green
5585346,"s7, s9, s5",Lime
5585360,"s7, s5",Lime
5585392,"s7, s9, s5",Lime
5585398,"s7, s5",Lime
5585640,"s7, s5",Lime
5585646,"s7, s9, s5",Lime
5585704,"s7, s9, s5",Lime
5585710,"s7, s9, s5",Lime
5585728,"s9, s5",Lime
5585730,"s7, s9, s5",Lime
5585828,"s7, s9, s5",Lime
5585874,"s7, s9, s5",Lime
5585934,"s7, s9, s5",Lime
5585956,"s7, s9, s5",Lime
5585960,"s7, s9",#b0b0b0
5585962,"s7, s5",Lime
5586118,"s7, s5",Lime
5586124,"s7, s9(2), s5",Green
5586164,"s7, s5",Lime
5586176,"s9, s5",Lime
5586212,"s7, s9, s5",Lime
5586282,"s7, s9, s5",Lime
5586302,"s7, s9(2), s5",Green
5586318,"s7, s9, s5",Lime
5586324,"s9, s5",Lime
5586358,"s7, s9, s5",Lime
5586364,"s7, s9, s5",Lime
5586390,"s7, s9, s5",Lime
5586430,"s7, s9, s5",Lime
5586432,"s7, s9",#b0b0b0
5586484,"s7, s5",Lime
5586506,"s7, s9(2)",#b0b0b0
5586526,"s7, s9",#b0b0b0
5586542,"s7, s5",Lime
5586548,"s7, s9, s5",Lime
5586574,"s7, s9, s5",Lime
5586708,"s7, s9, s5",Lime
5586742,"s7, s9, s5",Lime
5586808,"s7, s9(5)",#b0b0b0
5586844,"s7, s9",#b0b0b0
5586892,"s7, s9, s5",Lime
5586912,"s7, s5",Lime
5586962,"s7, s9",#b0b0b0
5587012,s7,#b0b0b0
5587014,s7(3),Orange
5587058,s9(3),#b0b0b0
5587064,s9,#b0b0b0
5587150,"s7, s9, s5",Lime
5587166,"s7(3), s9",Orange
5587174,"s7(3), s9, s5(4)",Green
5587182,"s7(2), s9, s5(3)",Green
5587186,"s7(2), s9",#b0b0b0
5587188,"s7(2), s9",#b0b0b0
5587394,"s7, s9",#b0b0b0
5587400,"s7, s9, s5",Lime
5587456,"s7, s5",Lime
5587524,s9(2),#b0b0b0
5587532,s9(3),#b0b0b0
5587544,s9(3),#b0b0b0
5587606,"s7, s5",Lime
5587626,"s7, s9, s5",Lime
5587640,"s7, s5",Lime
5587658,"s7, s9(2)",#b0b0b0
5587660,"s7(2), s9(4)",Orange
5587682,"s7, s9(4)",Orange
5587686,"s7, s9(2)",#b0b0b0
5587938,"s7, s9, s5",Lime
5587972,s7(2),Orange
5587974,s7(2),Orange
5588012,"s7(2), s9, s5(5)",Green
5588016,"s7(2), s9, s5(2)",Green
5588018,"s7, s9, s5(4)",Green
5588072,"s7(7), s9(7), s5(7)",Green
5588198,"s7, s5",Lime
5588222,"s7, s5",Lime
5588378,"s7, s9, s5",Lime
5588380,"s7, s5",Lime
5588434,s7(2),Orange
5588436,s7,#b0b0b0
5588458,"s7, s9, s5(2)",Green
5588476,"s7, s5",Lime
5588504,"s7, s5",Lime
5588518,"s7, s9(2), s5(2)",Green
5588624,"s7, s5",Lime
5588626,"s7, s9, s5",Lime
5588638,"s7(2), s9, s5",Green
5588640,"s7(2), s5",Green
5588742,"s7(2), s9(2), s5",Green
5588744,"s7(2), s9",#b0b0b0
5588760,"s7(3), s9(2), s5(4)",Green
5588796,"s7(2), s9, s5(4)",Green
5588810,"s7, s9(5), s5(2)",Green
5588838,s7(7),Orange
5588840,s7(6),Orange
5588854,"s7(2), s9(5), s5(2)",Green
5588880,"s7(7), s9(9), s5(7)",Green
5588906,s9,#b0b0b0
5588944,"s7, s9, s5",Lime
5588962,s7(3),#b0b0b0
5588974,"s7, s5(2)",Green
5589054,s9(3),#b0b0b0
5589092,"s9, s5",Lime
5589114,s7,#b0b0b0
5589138,"s7, s5",Lime
5589146,s9,#b0b0b0
5589174,s7,#b0b0b0
5589186,s9,#b0b0b0
5589190,s7,#b0b0b0
5589210,"s7, s9",#b0b0b0
5589250,"s7, s5",Lime
5589262,"s7, s9, s5",Lime
5589288,s9,#b0b0b0
5589308,"s7, s5",Lime
5589358,s9,#b0b0b0
5589420,s9,#b0b0b0
5589450,s9,#b0b0b0
5589456,"s9, s5",Lime
5589462,s9,#b0b0b0
5589476,s7,#b0b0b0
5589516,s7,#b0b0b0
5589520,s7,#b0b0b0
5589522,s7,#b0b0b0
5589524,s7,#b0b0b0
5589538,s7(2),#b0b0b0
5589540,s7(3),#b0b0b0
5589590,"s7, s9, s5",Lime
5589592,"s7, s9, s5",Lime
5589598,"s7, s9, s5",Lime
5589612,"s7, s5",Lime
5589632,s9,#b0b0b0
5589676,"s7, s9, s5",Lime
5589692,"s7, s9(2)",#b0b0b0
5589700,s7,#b0b0b0
5589732,s7,#b0b0b0
5589736,s5,Lime
5589758,s9,#b0b0b0
5589770,"s7(4), s9",#b0b0b0
5589772,s7(4),#b0b0b0
5589784,s9,#b0b0b0
5589802,s7,#b0b0b0
5589804,nobody,#b0b0b0
5589818,s9,#b0b0b0
5589820,"s7, s5",Lime
5589828,s9,#b0b0b0
5589848,s7,#b0b0b0
5589854,s9,#b0b0b0
5589864,s9,#b0b0b0
5589870,s5,Lime
5589876,s5,Lime
5589902,s7,#b0b0b0
5589918,"s7, s5",Lime
5589926,"s7, s5",Lime
5589934,"s7, s5",Teal
5589936,"s7(2), s9(7)",#b0b0b0
5589956,"s7, s9, s5",Lime
5589986,s7,#b0b0b0
5589992,"s7, s5",Lime
5590010,s7,#b0b0b0
5590012,s9,#b0b0b0
5590054,s7,#b0b0b0
5590078,"s7, s5",Lime
5590114,"s7, s5",Lime
5590138,s7,#b0b0b0
5590142,"s7, s9, s5(2)",Green
5590152,s9,#b0b0b0
5590186,s9,#b0b0b0
5590190,"s7, s9",#b0b0b0
5590244,s9,#b0b0b0
5590246,s5,Lime
5590268,"s7, s5",Lime
5590272,s9,#b0b0b0
5590278,s7,#b0b0b0
5590306,s7,#b0b0b0
5590322,"s7, s5",Lime
5590328,s9,#b0b0b0
5590348,s7,#b0b0b0
5590382,s9,#b0b0b0
5590394,"s7, s5",Lime
5590420,s7,#b0b0b0
5590432,"s7, s5",Lime
5590478,s9,#b0b0b0
5590508,s9,#b0b0b0
5590524,s9,#b0b0b0
5590540,"s7(2), s9(14), s5(3)",Green
5590558,s9(2),#b0b0b0
5590648,s5,Lime
5590708,s9,#b0b0b0
5590738,s7,#b0b0b0
5590742,s5,Lime
5590776,"s7, s5",Lime
5590778,s9,#b0b0b0
5590788,s9,#b0b0b0
5590820,s5,Lime
5590852,"s7, s9",#b0b0b0
5590902,s9,#b0b0b0
5590928,s5,Lime
5590934,s9,#b0b0b0
5590944,"s7, s5",Lime
5590962,s9,#b0b0b0
5591002,s9(2),#b0b0b0
5591032,s9,#b0b0b0
5591034,"s7, s5",Lime
5591036,s9,#b0b0b0
5591052,"s7, s9, s5",Lime
5591068,"s7, s5",Lime
5591100,"s7, s5",Lime
5591114,s9,#b0b0b0
5591120,"s7, s9, s5",Lime
5591166,"s7, s9, s5",Lime
5591180,s7,#b0b0b0
5591192,s9,#b0b0b0
5591242,s9,#b0b0b0
5591244,"s7, s9",#b0b0b0
5591266,s7,#b0b0b0
5591268,s5,Lime
5591300,"s7(3), s5",Green
5591328,"s7, s9(3), s5",Green
5591332,s9,#b0b0b0
5591336,"s7, s9, s5",Lime
5591358,"s7, s5",Lime
5591364,"s7, s5",Lime
5591384,"s9, s5",Lime
5591388,s9(12),#b0b0b0
5591424,s9,#b0b0b0
5591434,s9,#b0b0b0
5591476,s7,#b0b0b0
5591490,s7,#b0b0b0
5591492,s7,#b0b0b0
5591502,"s7, s9, s5",Lime
5591506,s9,#b0b0b0
5591530,s9,#b0b0b0
5591540,"s7, s5",Lime
5591562,s9,#b0b0b0
5591576,"s7, s9, s5",Lime
5591588,"s7, s9",#b0b0b0
5591608,"s7, s9",#b0b0b0
5591632,s9,#b0b0b0
5591668,s7,#b0b0b0
5591692,"s7, s5",Lime
5591712,"s7, s5",Lime
5591724,s7,#b0b0b0
5591732,"s7, s5",Lime
5591738,"s7, s9, s5",Lime
5591776,nobody,#b0b0b0
5591804,s7,#b0b0b0
5591808,s9(3),#b0b0b0
5591812,s9,#b0b0b0
5591824,"s7, s9, s5",Lime
5591826,"s7, s9",#b0b0b0
5591844,s7,#b0b0b0
5591846,s7,#b0b0b0
5591848,"s7, s9, s5",Lime
5591858,s9,#b0b0b0
5591860,s9,#b0b0b0
5591896,nobody,#b0b0b0
5591904,s9,#b0b0b0
5591912,s9,#b0b0b0
5591924,s9,#b0b0b0
5591948,"s7, s9",#b0b0b0
5591950,s9,#b0b0b0
5591966,s7,#b0b0b0
5591986,"s7, s9, s5",Lime
5592008,s9,#b0b0b0
5592044,"s7, s5",Lime
5592046,"s7, s5",Lime
5592078,s5,Lime
5592090,"s7, s9, s5",Lime
5592092,s9,#b0b0b0
5592098,s7,#b0b0b0
5592104,s9,#b0b0b0
5592106,"s7, s9(2), s5",Green
5592114,"s7, s5",Lime
5592122,s7,#b0b0b0
5592186,"s7, s5",Lime
5592196,"s7, s5",Lime
5592198,"s7, s5",Lime
5592242,"s7, s5",Lime
5592254,"s7, s9(2), s5",Green
5592286,"s7, s5",Lime
5592290,s7,#b0b0b0
5592308,"s7, s9, s5",Lime
5592310,s9,#b0b0b0
5592346,"s7, s9, s5",Lime
5592374,"s7, s9",#b0b0b0
5592390,"s7, s9, s5",Lime
5592426,s9,#b0b0b0
5592438,"s7, s5",Lime
5592468,s9,#b0b0b0
5592488,s9,#b0b0b0
5592502,nobody,Yellow
5592516,"s7, s5",Lime
5592542,s9,#b0b0b0
5592548,s5,Lime
5592594,s5,Lime
5592630,"s7, s9, s5",Lime
5592632,"s7, s5",Lime
5592654,s7(2),#b0b0b0
5592708,s9,#b0b0b0
5592728,s9,#b0b0b0
5592730,s5,Lime
5592732,nobody,#b0b0b0
5592788,"s7, s5",Lime
5592842,s9,#b0b0b0
5592856,s7,#b0b0b0
5592862,s5,Lime
5592876,s9,Yellow
5592880,nobody,Yellow
5592884,"s7, s9, s5",Teal
5592896,s9,#b0b0b0
5592912,s7,#b0b0b0
5592916,"s7, s5",Lime
5592948,"s7, s9(2), s5",Green
5592952,s9,#b0b0b0
5592986,s7,#b0b0b0
5592988,"s7, s5",Lime
5592994,"s7, s5",Lime
5592996,"s7, s9, s5",Lime
5592998,s9(5),#b0b0b0
5593000,s7,#b0b0b0
5593004,"s7, s9, s5",Lime
5593006,"s7, s9, s5",Lime
5593008,"s7, s5",Lime
5593026,"s7, s9, s5",Lime
5593040,s9,#b0b0b0
5593042,s5,Lime
5593052,s7(2),#b0b0b0
5593062,"s9, s5",Lime
5593128,s9,#b0b0b0
5593136,"s7, s9, s5",Lime
5593180,s7,#b0b0b0
5593188,"s7, s5",Lime
5593262,s7,#b0b0b0
5593264,s7,#b0b0b0
5593308,"s7, s9, s5",Lime
5593328,"s7, s9, s5",Lime
5593336,s9,#b0b0b0
5593340,s9,#b0b0b0
5593360,s9,#b0b0b0
5593364,"s7, s5",Lime
5593426,nobody,#b0b0b0
5593440,"s7, s9, s5",Lime
5593462,s9,Yellow
5593468,s9(2),#b0b0b0
5593472,"s7, s9",#b0b0b0
5593488,s9,#b0b0b0
5593574,s9(2),#b0b0b0
5593640,"s7, s5",Lime
5593656,"s7, s9",#b0b0b0
5593688,"s7, s9, s5",Lime
5593720,s9,#b0b0b0
5593728,s9,#b0b0b0
5593740,"s7, s9",#b0b0b0
5593764,s5,Lime
5593784,s9,#b0b0b0
5593820,"s7, s5",Lime
5593828,"s7, s9",#b0b0b0
5593830,s9,#b0b0b0
5593856,s9,Yellow
5593860,s7,#b0b0b0
5593870,"s7, s5",Lime
5593872,s5,Lime
5593908,s5,Lime
5593990,s9,#b0b0b0
5594010,s7(4),#b0b0b0
5594040,s7,#b0b0b0
5594044,s7,#b0b0b0
5594048,s7,#b0b0b0
5594066,s9,#b0b0b0
5594074,s9,#b0b0b0
5594078,"s7, s5",Lime
5594108,s9,#b0b0b0
5594130,s9,#b0b0b0
5594134,s9,#b0b0b0
5594136,s5,Lime
5594138,"s9(2), s5",Green
5594200,"s7, s9",#b0b0b0
5594210,s7(2),#b0b0b0
5594216,s9,#b0b0b0
5594220,"s7, s9, s5",Lime
5594248,s7(3),#b0b0b0
5594264,s9,#b0b0b0
5594324,"s7, s9, s5",Lime
5594340,s9,#b0b0b0
5594342,s9,#b0b0b0
5594352,s5,Lime
5594414,s5,Lime
5594420,s5(4),Green
5594432,s5,Lime
5594444,s5,Lime
5594486,s7,#b0b0b0
5594488,s7,#b0b0b0
5594544,"s7, s5",Lime
5594556,s9,#b0b0b0
5594572,s9,#b0b0b0
5594582,"s7(2), s5(4)",Green
5594610,s9,#b0b0b0
5594628,s9,#b0b0b0
5594662,"s7, s9, s5",Lime
5594666,s9,#b0b0b0
5594670,"s7, s5",Lime
5594674,s5,Lime
5594676,s9,#b0b0b0
5594704,s9,#b0b0b0
5594710,s9,#b0b0b0
5594714,s9(3),#b0b0b0
5594746,s7,#b0b0b0
5594758,s7(3),#b0b0b0
5594764,"s7, s9, s5",Lime
5594798,s9,#b0b0b0
5594800,s9,#b0b0b0
5594838,"s7, s9(6), s5(2)",Green
5594862,nobody,#b0b0b0
5594886,s7,#b0b0b0
5594932,s9,#b0b0b0
5594964,s9,#b0b0b0
5594968,nobody,Yellow
5595006,s9,#b0b0b0
5595010,s9,#b0b0b0
5595044,s9,#b0b0b0
5595052,"s7, s9",#b0b0b0
5595074,s7,#b0b0b0
5595076,s9,#b0b0b0
5595084,s9(14),Orange
5595090,s7,#b0b0b0
5595130,s9(3),#b0b0b0
5595136,s9(2),#b0b0b0
5595158,nobody,#b0b0b0
5595174,s9,#b0b0b0
5595224,"s9, s5",Lime
5595268,s9,#b0b0b0
5595272,s9,#b0b0b0
5595292,s7,#b0b0b0
5595298,s7,#b0b0b0
5595310,s9,#b0b0b0
5595356,s7,#b0b0b0
5595378,s9,Yellow
5595398,"s7, s5",Lime
5595406,"s7, s5",Lime
5595444,s5(7),Green
5595468,s9,#b0b0b0
5595488,"s7, s9",#b0b0b0
5595498,s7(7),Orange
5595556,s5,Lime
5595586,"s7, s5",Lime
5595630,s9,#b0b0b0
5595644,s9,#b0b0b0
5595700,"s7, s5",Lime
5595716,s9,#b0b0b0
5595724,"s7, s5(3)",Green
5595726,"s7, s9",#b0b0b0
5595730,s9,#b0b0b0
5595744,"s7, s5",Lime
5595756,"s7, s5",Lime
5595760,"s7, s5",Lime
5595774,"s7, s5",Lime
5595806,s9,#b0b0b0
5595832,"s7, s9",#b0b0b0
5595868,s9,#b0b0b0
5596182,"s7, s5",Lime
5596264,"s7(2), s9",Orange
5596272,"s7(7), s9",Orange
5596276,s9,#b0b0b0
5596552,nobody,Yellow
5596702,s5,Lime
5597076,"s7(7), s9(11), s5(6)",Green
5597150,"s9, s5(2)",Green
5597388,nobody,Yellow
5597478,s7,#b0b0b0
5597654,"s7(7), s9(3), s5(7)",Green
5597716,"s7(5), s9",Orange
5597718,"s7(6), s9",Orange
5597738,"s7, s5",Lime
5597978,s9,Yellow
5598250,nobody,Yellow
5598340,"s7, s5(3)",Green
5598348,"s7, s5(5)",Green
5598360,"s7, s5(2)",Green
5598390,nobody,Yellow
5598512,nobody,Yellow
5598516,nobody,Yellow
5598550,nobody,Yellow
5598574,"s7(4), s5(7)",Green
5598580,"s7(4), s5(7)",Green
5598596,s9,Yellow
5598604,s9,Yellow
5598608,nobody,Yellow
5598680,"s7, s5",Lime
5598706,s9,Yellow
5598778,nobody,Yellow
5598860,"s7, s5",Lime
5598862,"s7, s9, s5",Lime
5598996,"s7(7), s9(14), s5(7)",Green
5599002,s9,Yellow
5599056,nobody,Yellow
5599058,s9,Yellow
5599112,"s7, s9, s5",Lime
5599120,"s7, s9, s5",Lime
5599162,s9,Yellow
5599238,"s7, s9, s5",Lime
5599256,"s7, s9, s5",Lime
5599268,"s9, s5",Lime
5599270,"s7, s9, s5",Lime
5599310,s5(2),Green
5599312,s5(3),Green
5599346,"s7, s9, s5",Lime
5599352,"s7, s9, s5",Lime
5599358,"s7, s9, s5",Lime
5599390,"s7, s9, s5",Lime
5599402,"s7, s5",Lime
5599404,"s7, s9, s5",Lime
5599416,"s7, s5",Lime
5599428,"s7, s5",Lime
5599434,"s7, s9, s5",Lime
5599440,"s7, s5",Lime
5599468,s7,#b0b0b0
5599492,"s7, s9, s5",Lime
5599494,"s7, s5",Lime
5599522,"s9(4), s5",Green
5599526,"s7(2), s9(5), s5(2)",Green
5599528,"s9(6), s5",Green
5599534,"s9, s5",Lime
5599604,"s7(2), s9(2), s5(2)",Green
5599622,"s7, s9, s5",Lime
5599666,"s7, s5",Lime
5599672,"s7, s5",Lime
5599744,"s7(3), s9(3), s5(5)",Green
5599748,"s7(3), s9(3), s5(5)",Green
5599750,"s9, s5",Lime
5599762,"s7, s9, s5",Lime
5599796,"s7, s9, s5",Lime
5599800,"s7, s5",Lime
5599802,"s7, s5",Lime
5599808,"s7, s9, s5",Lime
5599836,"s7, s5",Lime
5599848,"s7, s9, s5",Lime
5599854,"s9, s5",Lime
5599860,"s7, s5",Lime
5599884,"s9, s5",Lime
5599994,"s7, s5",Lime
5600032,"s7, s9, s5",Lime
5600076,"s7, s9, s5",Lime
5600078,"s7, s5",Lime
5600132,"s7, s9, s5",Lime
5600144,"s7, s9, s5",Lime
5600146,"s9, s5",Lime
5600172,"s7, s5",Lime
5600196,"s7, s9(5), s5",Green
5600204,"s7, s9(4)",#b0b0b0
5600212,s9(4),#b0b0b0
5600220,"s9(4), s5",Green
5600226,"s9(3), s5",Green
5600246,"s7, s9, s5",Lime
5600272,"s7, s9, s5",Lime
5600308,"s7, s9, s5",Lime
5600342,"s7(2), s9(4), s5",Green
5600346,"s7(2), s9(4), s5",Green
5600436,"s7, s9, s5",Lime
5600456,"s7(4), s9, s5",Green
5600512,"s9, s5",Lime
5600514,"s9(2), s5",Green
5600520,"s7, s9, s5",Lime
5600584,"s7, s9, s5",Lime
5600596,"s7, s9, s5",Lime
5600620,"s7, s9, s5",Lime
5600644,"s7, s9, s5",Lime
5600662,s7(2),#b0b0b0
5600664,s7(2),#b0b0b0
5600670,"s7, s9, s5",Lime
5600688,"s7, s5",Lime
5600724,"s7, s9, s5",Lime
5600726,"s7, s9, s5",Lime
5600764,s7(2),#b0b0b0
5600770,"s7, s5",Lime
5600776,"s7, s5",Lime
5600788,"s7, s5",Lime
5600790,"s7, s9, s5",Lime
5600796,"s7, s9, s5",Lime
5600814,"s7, s9, s5",Lime
5600826,"s7, s9, s5",Lime
5600880,"s7, s9, s5",Lime
5600888,"s7, s9",#b0b0b0
5600892,"s7, s9",#b0b0b0
5600952,"s7, s5",Lime
5600974,"s7, s9(2), s5",Green
5600982,"s9(2), s5",Green
5600986,"s9, s5",Lime
5600988,"s7, s9(2), s5",Green
5601012,"s7, s9, s5",Lime
5601048,"s7, s9, s5",Lime
5601096,"s7, s9, s5",Lime
5601100,"s7, s5",Lime
5601102,"s7, s5",Teal
5601142,"s7, s9, s5",Lime
5601154,"s7, s9, s5",Lime
5601192,"s7, s5",Lime
5601216,"s7, s9, s5",Lime
5601228,"s7, s9, s5",Lime
5601348,"s7, s9, s5",Lime
5601354,"s7, s9(2), s5",Green
5601360,s7,#b0b0b0
5601372,"s7, s9, s5",Lime
5601410,"s7, s5",Lime
5601426,"s9, s5",Lime
5601430,"s7, s9, s5",Lime
5601438,"s7, s9, s5",Lime
5601462,"s7, s9, s5",Lime
5601512,"s7, s9, s5",Lime
5601514,"s9, s5",Lime
5601540,"s7, s9, s5",Lime
5601584,"s7, s9, s5",Lime
5601596,"s7, s9, s5",Lime
5601602,"s7, s9, s5",Lime
5601648,"s7, s5",Lime
5601674,"s7, s9, s5",Lime
5601746,"s7, s5",Lime
5601768,"s9, s5",Lime
5601794,"s7, s9, s5",Lime
5601822,"s7, s9, s5",Lime
5601828,"s7, s9, s5",Lime
5601866,"s7, s9, s5",Lime
5601888,"s9(5), s5",Green
5601892,"s9(4), s5",Green
5601894,"s7, s9(5), s5",Green
5601920,"s7, s9, s5",Lime
5601950,"s7, s9",#b0b0b0
5601954,"s7, s9, s5",Lime
5601956,"s7, s9, s5",Lime
5601962,"s7, s9, s5",Lime
5601968,"s7, s9, s5",Lime
5602000,"s7, s5",Lime
5602002,"s7, s9, s5",Lime
5602042,"s7, s5",Lime
5602044,"s7, s9, s5",Lime
5602088,"s9, s5",Lime
5602090,"s7, s9, s5",Lime
5602110,"s7, s9, s5",Lime
5602168,"s7, s9, s5",Lime
5602186,"s7, s9, s5",Lime
5602206,"s9, s5(2)",Green
5602242,"s7, s9, s5",Lime
5602260,"s7, s5",Lime
5602266,"s7, s9, s5",Lime
5602332,"s7, s9, s5",Lime
5602344,"s7, s9, s5",Lime
5602368,"s7, s9, s5",Lime
5602380,"s7, s9, s5",Lime
5602416,"s9(5), s5(3)",Green
5602434,"s7, s9(2), s5",Green
5602504,"s7, s9, s5",Lime
5602522,"s7, s9, s5",Lime
5602528,"s7, s9, s5",Lime
5602564,"s7, s9, s5",Lime
5602588,"s7, s9, s5",Lime
5602614,"s7, s9, s5",Lime
5602622,"s9, s5",Lime
5602628,"s7, s9, s5",Lime
5602676,"s7, s9, s5",Lime
5602706,"s9, s5",Lime
5602708,"s7, s9, s5",Lime
5602728,"s7, s9, s5",Lime
5602756,"s7, s5",Lime
5602776,"s7, s9, s5",Lime
5602794,"s7, s9, s5",Lime
5602878,"s7, s9, s5",Lime
5602896,"s7, s9, s5",Lime
5602916,"s9, s5",Lime
5602922,"s7, s9, s5",Lime
5602946,"s7, s9, s5",Lime
5602958,s7(2),#b0b0b0
5602964,"s7, s9, s5",Lime
5602976,"s7, s9, s5",Lime
5602994,"s7, s9, s5",Lime
5603032,"s7, s9, s5",Lime
5603038,"s7, s9",#b0b0b0
5603086,"s7, s9, s5",Lime
5603104,"s7, s9, s5",Lime
5603116,"s7, s9, s5",Lime
5603122,"s7, s9, s5",Lime
5603128,"s7, s9, s5",Lime
5603188,"s7, s5",Lime
5603196,"s7(2), s9(2), s5(2)",Green
5603204,"s7(2), s5(2)",Green
5603208,"s7(2), s9, s5",Green
5603210,"s7(2), s9, s5(2)",Green
5603216,"s7, s9, s5",Lime
5603254,"s7, s9, s5",Lime
5603302,"s7, s9, s5",Lime
5603310,"s7, s9, s5",Lime
5603316,"s7, s5",Lime
5603322,"s7, s9, s5",Lime
5603346,"s7, s9, s5",Lime
5603352,"s7, s9, s5",Lime
5603364,"s7, s9, s5",Lime
5603410,"s7, s5",Lime
5603434,"s7, s9, s5",Lime
5603436,"s7, s5",Lime
5603448,"s7, s9, s5",Lime
5603454,"s7, s9, s5",Lime
5603466,"s7, s9, s5",Lime
5603472,"s7, s9, s5",Lime
5603490,"s7, s9, s5",Lime
5603528,"s7, s9, s5",Lime
5603534,"s7, s9, s5",Lime
5603560,"s9, s5",Lime
5603572,"s7, s9, s5",Lime
5603578,"s7, s9, s5",Lime
5603652,"s7(3), s9(14)",Orange
5603666,"s7, s9, s5",Lime
5603672,"s7, s5",Lime
5603712,s7(3),#b0b0b0
5603718,s7(3),#b0b0b0
5603736,"s7, s9, s5",Lime
5603750,"s7, s5",Lime
5603794,"s7, s9, s5",Lime
5603818,s7(2),#b0b0b0
5603830,"s7, s9, s5",Lime
5603842,"s7, s9, s5",Lime
5603888,"s7, s9(4), s5(2)",Green
5603896,"s7, s9, s5",Lime
5603916,"s7, s9, s5",Lime
5603922,"s7, s9, s5",Lime
5603946,"s7, s5",Lime
5603948,"s7, s9, s5",Lime
5603954,"s7, s9, s5",Lime
5603960,"s7, s9, s5",Lime
5603974,"s7, s9, s5",Lime
5603980,"s7, s9, s5",Lime
5603998,"s7, s9, s5",Lime
5604022,"s7, s9, s5",Lime
5604028,"s7, s9, s5",Lime
5604034,"s7, s9, s5",Lime
5604052,"s7, s9, s5",Lime
5604058,"s7, s9, s5",Lime
5604064,"s7, s9, s5",Lime
5604076,"s9(2), s5",Green
5604078,s9(2),#b0b0b0
5604084,"s7, s9, s5",Lime
5604096,"s7, s9, s5",Lime
5604108,"s7, s5",Lime
5604110,"s7, s9, s5",Lime
5604116,"s7, s9, s5",Lime
5604122,"s7, s9, s5",Lime
5604128,"s7, s9, s5",Lime
5604134,"s9, s5(2)",Green
5604158,"s7, s5(2)",Green
5604160,"s7, s9, s5(2)",Green
5604172,"s7, s9, s5",Lime
5604190,"s7, s9, s5",Lime
5604196,"s7, s9, s5",Lime
5604202,"s7, s9, s5",Lime
5604220,"s7, s9, s5",Lime
5604238,"s7, s9, s5",Lime
5604240,"s7, s9",#b0b0b0
5604258,"s7, s9, s5",Lime
5604276,"s7, s9, s5",Lime
5604282,"s7, s9, s5",Lime
5604320,"s7, s9, s5",Lime
5604350,"s7(2), s9(4), s5(2)",Green
5604358,"s7, s9, s5",Lime
5604370,"s7, s9, s5",Lime
5604382,s7(2),#b0b0b0
5604384,s7(3),#b0b0b0
5604390,"s7, s9, s5",Lime
5604402,"s7, s5",Lime
5604420,"s7, s5",Lime
5604422,"s7, s9, s5",Lime
5604434,"s7, s9, s5",Lime
5604446,"s7, s9, s5",Lime
5604458,"s7, s9, s5",Lime
5604464,"s7, s9, s5",Lime
5604470,"s7, s9, s5",Lime
5604488,"s7, s9, s5",Lime
5604490,"s7, s5",Lime
5604502,"s7, s9, s5",Lime
5604522,"s7, s9(5), s5",Green
5604528,"s7, s9, s5",Lime
5604534,"s7, s9, s5",Lime
5604540,"s7, s9, s5",Lime
5604556,"s7, s9(4), s5(2)",Green
5604564,"s7(2), s9(4), s5(2)",Green
5604568,"s7, s9(4), s5",Green
5604570,"s7, s9(4), s5",Green
5604576,"s7, s9, s5",Lime
5604582,"s7, s9, s5",Lime
5604594,"s7, s9, s5",Lime
5604622,nobody,Yellow
5604636,"s7(3), s9(7)",Orange
5604638,"s7(2), s9(7)",Orange
5604664,s7,#b0b0b0
5604692,s9(2),#b0b0b0
5604700,"s7, s9(4)",Orange
5604704,s9(3),#b0b0b0
5604706,"s7, s9(5)",Orange
5604726,"s7, s9, s5",Lime
5604742,"s7(3), s9(3), s5",Green
5604746,"s7(2), s9(3)",Orange
5604748,"s7(2), s9(2)",#b0b0b0
5604754,"s7, s9, s5",Lime
5604766,"s7, s9, s5",Lime
5604772,"s7, s9, s5",Lime
5604778,"s7, s9, s5",Lime
5604800,"s7, s9, s5",Lime
5604804,"s7, s5",Lime
5604806,"s7, s5",Lime
5604818,"s7, s5",Lime
5604820,"s7, s9, s5",Lime
5604826,"s7, s9, s5",Lime
5604838,"s7, s9, s5",Lime
5604850,"s7, s9, s5",Lime
5604856,"s7, s9, s5",Lime
5604862,"s7(3), s9, s5",Green
5604880,"s7, s9",#b0b0b0
5604882,"s7, s9, s5",Lime
5604888,"s7, s9, s5",Lime
5604910,"s7, s9, s5",Lime
5604914,"s7, s9, s5",Lime
5604916,"s7, s9, s5",Lime
5604922,s7,#b0b0b0
5604928,"s7, s9, s5",Lime
5604934,"s7, s9, s5(2)",Green
5604952,"s7, s9, s5",Lime
5604954,"s7, s5",Lime
5604966,"s7(3), s9, s5",Green
5604972,"s7, s9, s5",Lime
5605004,"s7, s9, s5",Lime
5605010,"s7, s9, s5",Lime
5605070,"s7, s9, s5",Lime
5605076,"s7, s9, s5",Lime
5605082,"s7, s9, s5",Lime
5605088,"s7, s9, s5",Lime
5605094,"s7, s9, s5",Lime
5605106,"s7, s9(2)",#b0b0b0
5605154,s7(3),Orange
5605202,"s9(10), s5(3)",Green
5605210,"s9(7), s5(3)",Green
5605214,"s7(5), s9(7), s5(5)",Green
5605238,"s7, s9, s5",Lime
5605250,"s7, s5",Lime
5605252,"s7, s9, s5",Lime
5605264,"s9, s5",Lime
5605266,"s7, s9, s5",Lime
5605272,"s7, s9, s5",Lime
5605288,"s7, s9(2), s5",Green
5605296,"s7, s9, s5",Lime
5605304,"s7, s9(2), s5",Green
5605308,"s7, s9, s5",Lime
5605310,"s7, s9, s5",Lime
5605328,"s7, s9, s5",Lime
5605354,"s9(2), s5(2)",Green
5605356,"s9, s5(2)",Green
5605426,"s7(2), s9(2), s5",Green
5605476,"s7(7), s9(14)",Orange
5605540,"s7(6), s9(14), s5(7)",Green
5605542,"s7(7), s5(7)",Green
5605554,"s7(7), s9(15)",Orange
5605564,"s9(4), s5(7)",Green
5605568,"s9(7), s5(7)",Green
5605588,"s7(7), s9(14), s5(7)",Green
5605600,"s7(2), s9(5), s5",Green
5605602,"s7(2), s9(5), s5(2)",Green
5605650,s9(2),#b0b0b0
5605660,"s7, s9, s5",Lime
5605670,"s7, s9, s5",Lime
5605682,"s7, s9",#b0b0b0
5605694,"s9, s5",Lime
5605704,s9,#b0b0b0
5605706,s9,#b0b0b0
5605716,nobody,#b0b0b0
5605730,s7,#b0b0b0
5605732,"s7, s9(2), s5",Green
5605734,s9,#b0b0b0
5605814,"s7, s5",Lime
5605844,nobody,Yellow
5605852,s7(5),#b0b0b0
5605854,nobody,#b0b0b0
5605906,"s7, s9, s5",Lime
5605930,nobody,#b0b0b0
5605934,"s7, s9, s5",Lime
5605954,nobody,Yellow
5605958,s9,#b0b0b0
5605962,"s7, s9, s5",Lime
5605986,"s7, s9, s5",Lime
5605994,nobody,Yellow
5606016,"s7(6), s9(11)",Orange
5606022,s5,Lime
5606032,"s7, s5",Lime
5606034,"s7, s9",#b0b0b0
5606050,"s7(4), s9, s5",Green
5606070,s7,#b0b0b0
5606080,"s7, s9, s5",Lime
5606082,"s7, s9, s5",Lime
5606090,nobody,Yellow
5606094,nobody,Yellow
5606106,s7(2),#b0b0b0
5606118,"s7, s9",#b0b0b0
5606120,nobody,Yellow
5606138,"s7, s9, s5",Lime
5606140,nobody,#b0b0b0
5606204,"s7, s5",Lime
5606206,s9,#b0b0b0
5606216,s9,#b0b0b0
5606218,"s7, s5",Lime
5606220,s9(2),#b0b0b0
5606222,"s7, s9(4), s5",Green
5606224,s9,#b0b0b0
5606234,s9,#b0b0b0
5606266,"s7, s5",Lime
5606272,nobody,Yellow
5606278,s9,#b0b0b0
5606280,s7(3),#b0b0b0
5606282,"s7, s9",#b0b0b0
5606284,"s7, s9",#b0b0b0
5606286,"s7, s9",#b0b0b0
5606322,s9,#b0b0b0
5606326,"s7, s9, s5",Lime
5606366,"s7(7), s9(11), s5(6)",Green
5606374,s9,#b0b0b0
5606380,nobody,Yellow
5606384,s9,Yellow
5606386,s9,Yellow
5606392,"s7(2), s9(3)",Orange
5606394,s7,#b0b0b0
5606404,nobody,Yellow
5606416,"s7, s9",#b0b0b0
5606418,"s7, s9",#b0b0b0
5606446,nobody,Yellow
5606460,s7,#b0b0b0
5606474,"s7, s9",#b0b0b0
5606498,"s7(6), s9(13)",Orange
5606500,s9,#b0b0b0
5606508,"s7, s5(6)",Green
5606514,nobody,Yellow
5606526,s5,Lime
5606530,"s7, s9, s5",Lime
5606536,nobody,Yellow
5606538,nobody,Yellow
5606562,s7,#b0b0b0
5606564,s7,#b0b0b0
5606568,"s7, s9, s5",Lime
5606570,s9,#b0b0b0
5606574,s9,#b0b0b0
5606576,"s7, s9, s5",Lime
5606580,s7(2),#b0b0b0
5606584,s7,#b0b0b0
5606592,"s7, s9, s5",Lime
5606606,"s7, s9, s5",Lime
5606610,s5,Lime
5606612,"s7, s9",#b0b0b0
5606620,s7,#b0b0b0
5606636,s9,Yellow
5606652,s7,#b0b0b0
5606676,"s7, s5(7)",Green
5606690,nobody,Yellow
5606694,s9,#b0b0b0
5606698,"s7(7), s5(7)",Green
5606700,nobody,Yellow
5606708,"s7, s9, s5",Lime
5606712,s9,Yellow
5606722,"s7, s5",Lime
5606734,nobody,#b0b0b0
5606742,s7,#b0b0b0
5606744,s7,#b0b0b0
5606750,s9,Yellow
5606764,nobody,Yellow
5606802,nobody,Yellow
5606804,"s7, s9, s5",Lime
5606812,"s7, s9, s5",Lime
5606816,nobody,Yellow
5606820,"s7, s9, s5",Lime
5606840,s5,Lime
5606858,s9,Yellow
5606862,s9,Yellow
5606864,s9,Yellow
5606928,"s7, s5",Lime
5607014,s9(12),Orange
5607020,"s7, s9, s5",Lime
5607036,s9,Yellow
5607040,s9,Yellow
5607042,s9,Yellow
5607054,"s7, s9, s5",Lime
5607056,"s7, s5",Lime
5607076,"s7, s9, s5",Lime
5607082,"s7, s9, s5",Lime
5607090,"s7(4), s9(14), s5(7)",Green
5607098,"s7(2), s9(9), s5(6)",Green
5607106,"s7(2), s5(3)",Green
5607114,"s7(5), s5(3)",Green
5607122,"s7(5), s5(3)",Green
5607126,"s7(5), s5(2)",Green
5607132,"s7, s9, s5",Lime
5607158,"s7, s9, s5",Lime
5607164,"s7, s9, s5",Lime
5607170,"s7, s9, s5",Lime
5607176,"s7, s9, s5",Lime
5607182,s9(4),#b0b0b0
5607200,"s7, s9, s5",Lime
5607212,"s7, s9, s5",Lime
5607228,"s7, s9",#b0b0b0
5607234,"s7, s9, s5",Lime
5607240,"s7, s9, s5",Lime
5607252,"s7, s9, s5",Lime
5607258,"s7, s9, s5",Lime
5607264,"s7, s9, s5",Lime
5607270,"s7, s9, s5",Lime
5607276,"s7, s9, s5",Lime
5607282,"s7, s9, s5",Lime
5607288,"s7, s9, s5",Lime
5607314,"s7, s9, s5",Lime
5607326,"s7, s9",#b0b0b0
5607328,"s7, s9(3)",#b0b0b0
5607334,"s7, s9, s5",Lime
5607350,"s7(3), s9(3)",Orange
5607358,"s7(3), s9(4)",Orange
5607362,"s7(2), s9(2)",Orange
5607364,"s7, s9",#b0b0b0
5607370,"s9, s5",Lime
5607376,"s7, s9, s5",Lime
5607388,"s9, s5",Lime
5607394,"s7, s9, s5",Lime
5607400,"s7, s9(2), s5",Green
5607406,"s7, s9, s5",Lime
5607422,"s7(7), s9(3), s5(7)",Green
5607430,"s7(6), s9(3), s5(7)",Green
5607438,"s7(4), s9(3), s5(4)",Green
5607456,"s7, s9, s5",Lime
5607474,"s7, s9, s5",Lime
5607486,"s9, s5",Lime
5607504,"s9, s5",Lime
5607506,"s7, s9, s5",Lime
5607512,"s7, s9",#b0b0b0
5607518,"s7, s5",Lime
5607530,"s7, s9, s5",Lime
5607536,"s7, s9, s5",Lime
5607554,"s7, s9, s5",Lime
5607560,"s7, s5",Lime
5607566,"s7, s9, s5",Lime
5607572,"s7, s9, s5",Lime
5607578,"s7, s9, s5",Lime
5607594,"s7, s9(2)",#b0b0b0
5607602,"s7, s9(2)",#b0b0b0
5607606,"s7, s9(5), s5",Green
5607614,"s7, s9, s5",Lime
5607620,"s7(3), s9, s5",Green
5607626,"s7, s9, s5",Lime
5607632,"s7, s9, s5",Lime
5607644,"s7, s9, s5",Lime
5607650,"s7, s9(4)",#b0b0b0
5607668,"s7, s9, s5",Lime
5607674,"s7, s9, s5",Lime
5607680,"s7, s9, s5",Lime
5607686,"s7, s9, s5",Lime
5607692,"s7, s9, s5",Lime
5607704,"s7, s9, s5",Lime
5607710,"s9, s5(2)",Green
5607716,"s9(2), s5",Green
5607722,"s7, s9, s5",Lime
5607728,"s7, s9, s5",Lime
5607734,"s7, s9, s5",Lime
5607740,"s7, s9, s5",Lime
5607746,"s7, s9",#b0b0b0
5607752,"s7, s9, s5",Lime
5607758,"s7, s9, s5",Lime
5607784,"s7, s9, s5",Lime
5607796,"s7, s9, s5",Lime
5607802,"s7, s9(2), s5",Green
5607814,"s7, s9, s5",Lime
5607820,"s7, s9, s5",Lime
5607826,"s7, s9, s5",Lime
5607838,"s9, s5",Lime
5607840,"s7, s9, s5",Lime
5607846,"s7, s9, s5",Lime
5607852,"s7, s9, s5",Lime
5607868,"s7, s9, s5",Lime
5607872,"s7, s9, s5",Lime
5607874,"s7, s9, s5",Lime
5607880,"s7, s9, s5",Lime
5607886,"s7, s9, s5",Lime
5607898,"s7, s5",Lime
5607900,"s7, s9, s5",Lime
5607906,s9(3),#b0b0b0
5607918,"s7, s9, s5",Lime
5607924,"s7, s9, s5",Lime
5607930,"s7, s9, s5",Lime
5607936,"s7, s9, s5",Lime
5607954,"s7, s5",Lime
5607956,"s7, s9, s5",Lime
5607962,"s7, s9, s5",Lime
5607968,"s7, s9, s5",Lime
5607974,"s7, s9, s5",Lime
5607980,"s7, s9, s5",Lime
5607986,"s7, s9, s5",Lime
5607992,"s7, s9(2), s5",Green
5607998,"s7, s9, s5",Lime
5608004,"s7, s9, s5",Lime
5608010,"s7, s9, s5",Lime
5608016,"s7, s9, s5",Lime
5608022,"s7, s9, s5",Lime
5608034,"s7(4), s9(8), s5(4)",Green
5608046,s9(11),Orange
5608048,s9(9),#b0b0b0
5608060,"s7(7), s9(16), s5(7)",Green
5608062,"s7(3), s9(6), s5(3)",Green
5608088,"s7(7), s9(15), s5(7)",Green
5608090,"s7(3), s9(14)",Orange
5608092,"s7(7), s9(14), s5(7)",Green
5608096,s7,#b0b0b0
