,0,1,2
e5515248,1.0,1.0,1.0
e5607954,0.0,0.0,1.0
e5601674,1.0,1.0,1.0
e5427068,1.0,0.0,1.0
e5546564,0.0,1.0,0.0
e5432232,0.0,1.0,0.0
e5442924,1.0,1.0,1.0
e5607936,1.0,1.0,1.0
e5133140,1.0,0.0,0.0
e5214448,0.0,1.0,0.0
e5589590,1.0,1.0,1.0
e5604490,1.0,0.0,1.0
e5304756,0.0,0.0,1.0
e5104558,1.0,0.0,0.0
e5604746,1.0,1.0,1.0
e5529540,1.0,1.0,0.0
e5013402,0.0,1.0,0.0
e5407974,1.0,0.0,1.0
e1924,1.0,0.0,0.0
e1926,1.0,0.0,0.0
e5227396,0.0,0.0,1.0
e5115742,0.0,1.0,0.0
e5594010,1.0,0.0,0.0
e4689069,0.0,0.0,0.0
e5607252,1.0,1.0,1.0
e5459162,1.0,0.0,1.0
e5536162,0.0,1.0,0.0
e5573820,0.0,0.0,1.0
e5126760,0.0,0.0,1.0
e5605814,1.0,0.0,1.0
e5175270,0.0,0.0,1.0
e5170888,0.0,1.0,0.0
e5506070,1.0,1.0,1.0
e5122200,0.0,1.0,0.0
e5493668,1.0,1.0,0.0
e5602628,1.0,1.0,1.0
e5179040,0.0,0.0,1.0
e5590190,1.0,1.0,0.0
e5502776,1.0,1.0,1.0
e5543832,0.0,1.0,0.0
e5572104,1.0,0.0,1.0
e5598348,1.0,0.0,1.0
e5546062,0.0,0.0,1.0
e5211534,0.0,1.0,0.0
e5584600,1.0,0.0,1.0
e5521644,1.0,0.0,1.0
e5375578,0.0,0.0,1.0
e5602380,1.0,1.0,1.0
e5242472,1.0,0.0,1.0
e5594066,0.0,1.0,0.0
e5596182,1.0,0.0,1.0
e5604622,1.0,1.0,1.0
e5495514,1.0,0.0,1.0
e5603578,1.0,1.0,1.0
e5427796,0.0,0.0,1.0
e5579384,1.0,1.0,0.0
e5184292,1.0,1.0,0.0
e5188608,0.0,0.0,1.0
e47888,1.0,0.0,0.0
e5084336,1.0,0.0,0.0
e5220816,1.0,0.0,0.0
e5226658,1.0,0.0,0.0
e5465788,1.0,0.0,1.0
e5215300,1.0,0.0,0.0
e5477868,1.0,1.0,0.0
e5230150,0.0,1.0,0.0
e5422484,1.0,0.0,1.0
e5608004,1.0,1.0,1.0
e5154834,0.0,1.0,0.0
e5487422,1.0,0.0,1.0
e5537238,1.0,0.0,0.0
e5580362,0.0,1.0,1.0
e5209456,0.0,1.0,0.0
e5599666,1.0,0.0,1.0
e5578664,1.0,0.0,1.0
e5102762,0.0,0.0,1.0
e5258830,0.0,1.0,0.0
e5605328,1.0,1.0,1.0
e94116,0.0,0.0,1.0
e5606676,1.0,1.0,1.0
e5546276,1.0,0.0,0.0
e5602958,1.0,0.0,0.0
e5272472,0.0,0.0,1.0
e5542578,1.0,0.0,0.0
e5607122,1.0,0.0,1.0
e5573716,1.0,1.0,1.0
e5110422,1.0,0.0,0.0
e5602088,0.0,1.0,1.0
e5255272,0.0,1.0,0.0
e5584234,1.0,1.0,1.0
e5356240,0.0,0.0,1.0
e5216646,0.0,1.0,0.0
e5434950,1.0,0.0,1.0
e5606140,1.0,0.0,0.0
e19100,1.0,0.0,0.0
e19102,1.0,0.0,0.0
e5601822,1.0,1.0,1.0
e5414980,1.0,0.0,1.0
e5607370,0.0,1.0,1.0
e5543522,0.0,1.0,0.0
e5224046,1.0,1.0,0.0
e5601430,1.0,1.0,1.0
e5256510,1.0,0.0,1.0
e5604160,1.0,1.0,1.0
e5546496,0.0,1.0,0.0
e61404,1.0,0.0,0.0
e5307506,1.0,1.0,0.0
e5582082,1.0,0.0,1.0
e5591114,0.0,1.0,0.0
e5605296,1.0,1.0,1.0
e5542928,0.0,1.0,0.0
e5584804,1.0,0.0,1.0
e5604078,1.0,1.0,0.0
e5212916,0.0,0.0,1.0
e5521244,1.0,1.0,0.0
e5542550,1.0,0.0,0.0
e5604434,1.0,1.0,1.0
e5258990,0.0,1.0,0.0
e5520302,1.0,0.0,1.0
e5502314,1.0,1.0,1.0
e5595076,0.0,1.0,0.0
e5341316,1.0,0.0,1.0
e5599604,1.0,1.0,1.0
e5501062,1.0,1.0,1.0
e5479636,1.0,0.0,1.0
e5606204,1.0,0.0,1.0
e5100590,0.0,0.0,1.0
e5201166,1.0,0.0,0.0
e5608088,1.0,1.0,1.0
e5595444,1.0,0.0,1.0
e5216286,0.0,0.0,1.0
e5542534,1.0,0.0,0.0
e5515924,1.0,0.0,0.0
e5543182,0.0,0.0,1.0
e5572452,0.0,0.0,1.0
e5600514,1.0,1.0,1.0
e5221552,0.0,1.0,0.0
e5518112,1.0,0.0,1.0
e5545934,1.0,0.0,0.0
e19572,0.0,0.0,0.0
e5526038,1.0,0.0,1.0
e89534,1.0,1.0,1.0
e5607998,1.0,1.0,1.0
e5158360,0.0,1.0,0.0
e5349452,1.0,0.0,1.0
e5220334,0.0,1.0,0.0
e5420794,1.0,0.0,1.0
e5184288,1.0,0.0,0.0
e5545980,1.0,0.0,0.0
e5216820,1.0,0.0,0.0
e5581982,1.0,1.0,0.0
e5606082,1.0,1.0,1.0
e5319540,0.0,0.0,1.0
e5591724,1.0,0.0,0.0
e5588072,1.0,1.0,1.0
e5241928,0.0,1.0,0.0
e5574180,1.0,1.0,1.0
e5033170,0.0,0.0,1.0
e5446932,1.0,1.0,0.0
e5565612,1.0,1.0,0.0
e72464,0.0,0.0,1.0
e5606404,1.0,0.0,1.0
e5606636,1.0,1.0,1.0
e26948,1.0,1.0,0.0
e5210962,1.0,0.0,0.0
e5594662,1.0,1.0,1.0
e5537394,0.0,1.0,0.0
e5113634,1.0,1.0,1.0
e46552,0.0,1.0,1.0
e46554,1.0,1.0,0.0
e5589538,1.0,1.0,0.0
e5591776,1.0,1.0,0.0
e5161778,1.0,0.0,0.0
e5606216,0.0,1.0,0.0
e5606218,1.0,0.0,1.0
e5226998,0.0,1.0,0.0
e5536684,1.0,0.0,1.0
e5084910,1.0,0.0,0.0
e5404014,0.0,1.0,1.0
e5406756,1.0,1.0,0.0
e5512880,0.0,1.0,1.0
e5145258,0.0,0.0,1.0
e5182298,0.0,0.0,1.0
e5469550,1.0,1.0,1.0
e5013264,0.0,1.0,0.0
e5574920,1.0,0.0,1.0
e5601438,1.0,1.0,1.0
e37286,1.0,0.0,0.0
e5286370,0.0,0.0,1.0
e18054,0.0,0.0,1.0
e5206610,0.0,1.0,1.0
e5593488,0.0,1.0,0.0
e5078462,0.0,0.0,1.0
e5537508,0.0,0.0,1.0
e5201018,0.0,0.0,1.0
e5506938,1.0,1.0,1.0
e5537502,0.0,0.0,1.0
e5608096,1.0,0.0,0.0
e20152,0.0,0.0,1.0
e41556,0.0,0.0,0.0
e5593740,0.0,1.0,0.0
e5216454,0.0,1.0,0.0
e5519696,1.0,0.0,0.0
e5504566,1.0,1.0,1.0
e5480606,1.0,1.0,0.0
e5592196,1.0,0.0,1.0
e5188024,1.0,0.0,0.0
e5546282,0.0,0.0,1.0
e4680217,1.0,0.0,0.0
e5263674,1.0,1.0,0.0
e76332,1.0,0.0,1.0
e4700588,1.0,0.0,0.0
e5102538,0.0,0.0,1.0
e5171568,1.0,0.0,0.0
e5491056,1.0,1.0,1.0
e19556,1.0,0.0,0.0
e4942238,1.0,0.0,0.0
e5371580,1.0,0.0,1.0
e5535956,0.0,1.0,0.0
e5547034,1.0,0.0,1.0
e5291670,1.0,0.0,0.0
e5608022,1.0,1.0,1.0
e5589992,1.0,0.0,1.0
e5595136,0.0,1.0,0.0
e5586124,1.0,1.0,1.0
e5252064,0.0,1.0,0.0
e5317458,1.0,0.0,0.0
e5591826,1.0,1.0,0.0
e5456662,1.0,0.0,1.0
e5601866,1.0,1.0,1.0
e5347056,0.0,0.0,1.0
e5323332,0.0,1.0,0.0
e5571058,1.0,0.0,1.0
e5607704,0.0,1.0,1.0
e5283448,1.0,0.0,0.0
e5582334,1.0,1.0,0.0
e5594352,0.0,0.0,1.0
e5537474,1.0,1.0,0.0
e5537472,1.0,1.0,1.0
e5604922,1.0,1.0,0.0
e5605070,1.0,1.0,1.0
e5225222,1.0,0.0,0.0
e5409674,0.0,1.0,0.0
e6308,1.0,1.0,0.0
e4691195,0.0,1.0,1.0
e5169354,1.0,0.0,0.0
e5538094,0.0,1.0,0.0
e5603842,0.0,1.0,1.0
e4809440,0.0,1.0,0.0
e85276,0.0,0.0,0.0
e5236978,0.0,0.0,1.0
e5055952,1.0,0.0,0.0
e5546466,0.0,1.0,0.0
e5030922,0.0,0.0,0.0
e5607228,1.0,1.0,0.0
e5607644,1.0,1.0,1.0
e5607840,1.0,1.0,1.0
e89902,0.0,0.0,1.0
e5589210,0.0,1.0,0.0
e5222220,0.0,1.0,0.0
e5592730,0.0,0.0,1.0
e5388904,0.0,1.0,1.0
e5203358,0.0,1.0,0.0
e5488204,1.0,0.0,1.0
e4877314,1.0,1.0,1.0
e5510612,1.0,0.0,1.0
e5548732,1.0,0.0,1.0
e5545500,0.0,0.0,1.0
e5586962,1.0,1.0,0.0
e146072,0.0,0.0,0.0
e5221270,1.0,0.0,0.0
e5604772,1.0,1.0,1.0
e5539174,1.0,0.0,0.0
e5607606,1.0,1.0,1.0
e5603888,1.0,1.0,1.0
e4623861,0.0,0.0,1.0
e4943552,0.0,0.0,1.0
e5541156,0.0,0.0,1.0
e5585960,1.0,1.0,0.0
e5453640,1.0,0.0,0.0
e4688817,0.0,0.0,0.0
e4823610,0.0,1.0,0.0
e5144498,1.0,0.0,0.0
e5433748,0.0,1.0,1.0
e105326,0.0,0.0,0.0
e5607504,0.0,1.0,1.0
e188216,0.0,0.0,0.0
e5549738,1.0,1.0,0.0
e5461104,1.0,1.0,1.0
e4979944,0.0,0.0,1.0
e5539658,1.0,0.0,0.0
e5590394,1.0,0.0,1.0
e5591576,1.0,1.0,1.0
e5505378,1.0,0.0,1.0
e5547166,1.0,0.0,0.0
e5570286,1.0,0.0,1.0
e4737194,1.0,0.0,0.0
e5520304,0.0,0.0,1.0
e5607400,1.0,1.0,1.0
e5427772,1.0,0.0,1.0
e5585230,0.0,1.0,0.0
e5600892,1.0,1.0,0.0
e4984150,0.0,1.0,0.0
e5117116,1.0,0.0,0.0
e140092,1.0,1.0,0.0
e5188376,1.0,0.0,0.0
e98704,1.0,0.0,0.0
e5556602,1.0,0.0,1.0
e5593440,1.0,1.0,1.0
e5582838,1.0,1.0,0.0
e5604594,1.0,1.0,1.0
e5210786,0.0,1.0,0.0
e5190524,1.0,0.0,0.0
e5594264,0.0,1.0,0.0
e5228794,0.0,0.0,1.0
e5600512,0.0,1.0,1.0
e5226710,0.0,0.0,1.0
e5560638,0.0,0.0,1.0
e5457644,0.0,0.0,1.0
e5210980,0.0,1.0,0.0
e5520564,1.0,0.0,1.0
e5224606,0.0,1.0,0.0
e5532024,1.0,0.0,1.0
e5592290,1.0,0.0,0.0
e5229486,1.0,0.0,0.0
e4731444,1.0,0.0,0.0
e4892748,1.0,0.0,0.0
e160344,0.0,0.0,0.0
e5604556,1.0,1.0,1.0
e5411842,1.0,0.0,1.0
e5572022,1.0,0.0,1.0
e5293212,0.0,1.0,0.0
e5573884,1.0,0.0,1.0
e5537074,1.0,1.0,1.0
e5606278,0.0,1.0,0.0
e5607898,1.0,0.0,1.0
e5595398,1.0,0.0,1.0
e5579928,1.0,1.0,1.0
e5546740,0.0,1.0,0.0
e5537194,0.0,1.0,0.0
e5548970,0.0,1.0,0.0
e5134562,1.0,0.0,1.0
e5606564,1.0,0.0,0.0
e5586302,1.0,1.0,1.0
e5537080,0.0,1.0,0.0
e5546728,1.0,1.0,1.0
e5536922,1.0,1.0,0.0
e5244910,0.0,1.0,0.0
e5546302,1.0,0.0,1.0
e5588854,1.0,1.0,1.0
e5547332,0.0,0.0,1.0
e5605600,1.0,1.0,1.0
e5578618,1.0,1.0,0.0
e5546374,0.0,1.0,0.0
e5185348,0.0,0.0,1.0
e4876212,1.0,0.0,0.0
e5600888,1.0,1.0,0.0
e5533074,0.0,1.0,1.0
e5536540,0.0,0.0,1.0
e5547450,0.0,1.0,0.0
e5599256,1.0,1.0,1.0
e5587186,1.0,1.0,0.0
e5203362,1.0,1.0,0.0
e5227962,1.0,0.0,0.0
e182492,0.0,0.0,1.0
e5403174,1.0,0.0,1.0
e5588434,1.0,1.0,1.0
e5228460,1.0,1.0,0.0
e5531758,1.0,1.0,0.0
e127704,0.0,0.0,0.0
e5588518,1.0,1.0,1.0
e5220798,0.0,0.0,1.0
e5507914,1.0,1.0,0.0
e5210070,0.0,1.0,0.0
e131296,0.0,0.0,0.0
e5604028,1.0,1.0,1.0
e5586282,1.0,1.0,1.0
e5484026,1.0,0.0,1.0
e5499278,0.0,1.0,0.0
e5603204,1.0,1.0,1.0
e5598250,1.0,1.0,1.0
e173912,0.0,0.0,0.0
e5592788,1.0,0.0,1.0
e5595174,0.0,1.0,0.0
e102714,0.0,0.0,1.0
e5260758,0.0,1.0,0.0
e5538292,1.0,0.0,0.0
e5307788,1.0,1.0,0.0
e5596276,0.0,1.0,0.0
e5014028,1.0,0.0,0.0
e5543714,1.0,0.0,1.0
e4959070,1.0,0.0,0.0
e5333592,1.0,1.0,0.0
e5601360,1.0,1.0,0.0
e5454142,1.0,0.0,1.0
e5367802,0.0,1.0,1.0
e5307474,0.0,0.0,1.0
e5597718,1.0,1.0,1.0
e5544048,0.0,1.0,0.0
e5219220,0.0,1.0,0.0
e5549426,1.0,1.0,0.0
e5587064,0.0,1.0,0.0
e5379892,1.0,0.0,1.0
e5577454,1.0,1.0,1.0
e5580634,1.0,0.0,1.0
e5393996,0.0,1.0,0.0
e5603210,1.0,1.0,1.0
e5549336,1.0,0.0,0.0
e5322176,1.0,1.0,0.0
e5410950,1.0,0.0,1.0
e5329046,0.0,1.0,0.0
e5486206,0.0,0.0,1.0
e5484626,1.0,1.0,0.0
e5493612,1.0,1.0,1.0
e5182578,0.0,0.0,1.0
e5463824,1.0,1.0,0.0
e5606500,0.0,1.0,0.0
e5607560,1.0,0.0,1.0
e5451414,1.0,0.0,1.0
e5536216,0.0,1.0,0.0
e5600144,1.0,1.0,1.0
e5510780,1.0,1.0,1.0
e5172340,1.0,0.0,0.0
e5534542,0.0,1.0,0.0
e5545868,1.0,0.0,1.0
e5598360,1.0,0.0,1.0
e5600146,0.0,1.0,1.0
e4833160,1.0,0.0,0.0
e110802,1.0,1.0,1.0
e5592198,1.0,0.0,1.0
e5195536,0.0,0.0,0.0
e5537608,0.0,1.0,0.0
e175268,0.0,0.0,1.0
e5230318,1.0,0.0,0.0
e5601426,0.0,1.0,1.0
e5232340,0.0,0.0,1.0
e5589772,1.0,0.0,0.0
e131904,1.0,0.0,0.0
e131906,1.0,0.0,0.0
e5493584,1.0,1.0,1.0
e5193524,0.0,0.0,1.0
e5604914,0.0,1.0,1.0
e5209072,0.0,1.0,0.0
e5510520,1.0,0.0,1.0
e5430046,1.0,0.0,0.0
e5441920,0.0,1.0,1.0
e5135670,0.0,0.0,1.0
e5097518,1.0,0.0,1.0
e5489898,1.0,0.0,1.0
e5580794,1.0,1.0,1.0
e5510280,1.0,1.0,1.0
e5573484,0.0,1.0,0.0
e5590524,0.0,1.0,0.0
e5594628,0.0,1.0,0.0
e5484514,1.0,1.0,0.0
e5337584,1.0,1.0,0.0
e134334,1.0,0.0,0.0
e5222820,0.0,1.0,0.0
e5603534,1.0,1.0,1.0
e5211746,0.0,1.0,0.0
e5347476,0.0,0.0,1.0
e5603448,1.0,1.0,1.0
e5502124,1.0,0.0,1.0
e5143476,1.0,1.0,0.0
e4934746,1.0,0.0,0.0
e5606016,1.0,1.0,1.0
e5606508,1.0,0.0,1.0
e5391614,0.0,1.0,0.0
e5397222,1.0,0.0,1.0
e5591986,1.0,1.0,1.0
e5279954,0.0,1.0,0.0
e5601746,1.0,0.0,1.0
e183032,0.0,0.0,0.0
e5285588,0.0,0.0,1.0
e5056686,0.0,1.0,1.0
e5316410,0.0,1.0,0.0
e5229420,1.0,0.0,0.0
e5549486,0.0,1.0,0.0
e5200822,1.0,0.0,0.0
e5217898,0.0,1.0,0.0
e5261158,0.0,0.0,1.0
e5574438,1.0,0.0,0.0
e5229418,0.0,1.0,0.0
e5594486,1.0,0.0,0.0
e5594488,1.0,0.0,0.0
e5592654,1.0,0.0,0.0
e5587972,1.0,1.0,1.0
e5217652,1.0,1.0,0.0
e5291530,1.0,1.0,0.0
e5604638,1.0,1.0,1.0
e5168328,1.0,0.0,0.0
e5599468,1.0,1.0,0.0
e5556026,1.0,0.0,1.0
e192284,1.0,0.0,0.0
e5180414,1.0,0.0,1.0
e5528670,1.0,0.0,1.0
e5246774,1.0,0.0,0.0
e5498204,1.0,0.0,1.0
e4985172,1.0,0.0,0.0
e189884,1.0,0.0,0.0
e5046980,1.0,0.0,0.0
e5536720,0.0,0.0,1.0
e5536722,1.0,0.0,0.0
e5603086,0.0,1.0,1.0
e5541740,1.0,1.0,0.0
e4859090,1.0,0.0,0.0
e5603364,1.0,1.0,1.0
e5470052,1.0,0.0,1.0
e5535592,0.0,1.0,0.0
e5535594,1.0,0.0,1.0
e4917270,1.0,0.0,0.0
e5189406,0.0,0.0,1.0
e5450202,1.0,1.0,0.0
e5569346,1.0,1.0,1.0
e5605730,1.0,0.0,0.0
e5605734,0.0,1.0,0.0
e109452,0.0,0.0,0.0
e5540572,0.0,1.0,0.0
e5604576,1.0,1.0,1.0
e5226940,0.0,1.0,0.0
e5527106,1.0,1.0,1.0
e5083632,1.0,1.0,0.0
e5177138,1.0,0.0,1.0
e5591692,1.0,0.0,1.0
e255314,1.0,1.0,0.0
e5562470,1.0,1.0,0.0
e5576802,1.0,0.0,1.0
e5545732,1.0,0.0,0.0
e5544190,1.0,1.0,0.0
e5549062,0.0,0.0,1.0
e5602564,1.0,1.0,1.0
e5546600,0.0,1.0,0.0
e5600724,1.0,1.0,1.0
e5189346,0.0,1.0,0.0
e5469486,1.0,0.0,1.0
e272624,1.0,0.0,0.0
e5505138,0.0,1.0,0.0
e223104,1.0,0.0,0.0
e4721530,1.0,0.0,0.0
e5535392,1.0,0.0,1.0
e5584076,0.0,1.0,1.0
e5532934,1.0,1.0,0.0
e5608016,1.0,1.0,1.0
e5548606,0.0,1.0,0.0
e5603434,1.0,1.0,1.0
e5585398,1.0,0.0,1.0
e5595074,1.0,0.0,0.0
e5499192,1.0,0.0,1.0
e5607020,1.0,1.0,1.0
e5432596,1.0,0.0,1.0
e5160666,1.0,0.0,0.0
e5535382,0.0,1.0,0.0
e5605288,1.0,1.0,1.0
e5288988,0.0,1.0,0.0
e4970978,1.0,0.0,0.0
e5597150,1.0,1.0,1.0
e5508728,1.0,1.0,1.0
e5607082,1.0,1.0,1.0
e5190600,0.0,1.0,0.0
e5212142,1.0,1.0,0.0
e5591388,1.0,1.0,0.0
e246586,0.0,0.0,0.0
e4843454,1.0,0.0,0.0
e5604742,1.0,1.0,1.0
e5546048,1.0,0.0,1.0
e5541044,1.0,0.0,0.0
e5572454,0.0,0.0,1.0
e5514846,1.0,0.0,1.0
e5533582,0.0,0.0,1.0
e5549352,1.0,1.0,0.0
e4709546,1.0,0.0,0.0
e5571890,0.0,1.0,1.0
e5138534,1.0,0.0,0.0
e5251276,0.0,0.0,1.0
e5604528,1.0,1.0,1.0
e5546190,0.0,1.0,0.0
e5546082,0.0,1.0,0.0
e213962,0.0,0.0,0.0
e5574554,1.0,0.0,1.0
e5540052,0.0,1.0,0.0
e5603490,1.0,1.0,1.0
e5471180,1.0,0.0,1.0
e193824,0.0,0.0,0.0
e5119608,0.0,1.0,1.0
e4811884,1.0,0.0,0.0
e5344498,0.0,0.0,1.0
e5515688,1.0,1.0,1.0
e272750,1.0,0.0,0.0
e5296636,1.0,1.0,1.0
e5602344,1.0,1.0,1.0
e5572318,1.0,0.0,1.0
e4869950,1.0,0.0,0.0
e5134208,0.0,1.0,0.0
e244714,0.0,1.0,0.0
e250712,0.0,0.0,0.0
e5548918,1.0,1.0,0.0
e5217450,0.0,1.0,0.0
e5591948,1.0,1.0,0.0
e5578170,1.0,0.0,1.0
e5587660,1.0,1.0,1.0
e5573666,1.0,1.0,0.0
e5608090,1.0,1.0,1.0
e5575336,1.0,0.0,1.0
e5590012,0.0,1.0,0.0
e5224400,0.0,1.0,1.0
e5607956,1.0,1.0,1.0
e5589288,0.0,1.0,0.0
e5479748,1.0,1.0,0.0
e5538914,0.0,0.0,1.0
e5583884,1.0,0.0,1.0
e5547198,0.0,1.0,0.0
e5212368,1.0,1.0,0.0
e5590268,0.0,0.0,1.0
e5607710,0.0,1.0,1.0
e4842422,1.0,0.0,0.0
e5262208,1.0,0.0,0.0
e5576042,1.0,1.0,1.0
e5527192,0.0,1.0,1.0
e5281918,0.0,1.0,0.0
e5589926,0.0,0.0,1.0
e5249802,0.0,0.0,1.0
e5510380,1.0,1.0,1.0
e224722,0.0,0.0,0.0
e5554022,1.0,1.0,1.0
e5558830,1.0,1.0,1.0
e5538312,1.0,1.0,0.0
e5574580,0.0,1.0,1.0
e5417344,1.0,0.0,1.0
e5208802,1.0,0.0,0.0
e5238716,0.0,0.0,1.0
e5253646,0.0,0.0,1.0
e5450214,1.0,1.0,1.0
e5358804,1.0,0.0,1.0
e5216000,0.0,1.0,0.0
e5600952,1.0,0.0,1.0
e5604446,1.0,1.0,1.0
e5289032,0.0,1.0,0.0
e5506328,1.0,0.0,1.0
e5514796,1.0,0.0,1.0
e5524464,1.0,1.0,1.0
e5210562,0.0,1.0,0.0
e5423168,1.0,0.0,1.0
e5592106,1.0,1.0,1.0
e5196620,0.0,1.0,0.0
e5394674,1.0,0.0,1.0
e243264,1.0,0.0,0.0
e5552936,1.0,0.0,1.0
e5288846,0.0,0.0,1.0
e203714,1.0,0.0,0.0
e5224508,0.0,1.0,0.0
e4786600,0.0,0.0,1.0
e272984,1.0,0.0,0.0
e5545838,0.0,1.0,0.0
e5545130,0.0,1.0,0.0
e5170132,0.0,1.0,0.0
e4924108,1.0,0.0,0.0
e5054966,1.0,0.0,0.0
e5197644,0.0,0.0,1.0
e5503306,1.0,1.0,1.0
e5592090,1.0,1.0,1.0
e5600078,1.0,0.0,1.0
e5593820,0.0,0.0,1.0
e264944,0.0,0.0,1.0
e5540458,0.0,1.0,0.0
e5548646,0.0,1.0,1.0
e5249110,0.0,1.0,0.0
e214858,1.0,0.0,0.0
e5601888,0.0,1.0,1.0
e5420562,0.0,1.0,1.0
e5120630,1.0,0.0,0.0
e5220558,1.0,1.0,1.0
e5176890,1.0,0.0,0.0
e5588838,1.0,1.0,1.0
e5431100,1.0,1.0,0.0
e5215458,0.0,1.0,0.0
e5412674,1.0,0.0,1.0
e5602708,1.0,1.0,1.0
e5525744,1.0,1.0,1.0
e5607740,0.0,1.0,1.0
e5500622,0.0,1.0,1.0
e5606652,1.0,0.0,0.0
e5536226,1.0,0.0,0.0
e5577182,0.0,1.0,1.0
e257120,0.0,0.0,0.0
e5588012,1.0,1.0,1.0
e5606374,0.0,1.0,0.0
e5605238,1.0,1.0,1.0
e5545734,0.0,1.0,0.0
e5218672,1.0,0.0,0.0
e5394820,0.0,0.0,1.0
e5090084,1.0,0.0,0.0
e5547038,0.0,1.0,0.0
e4699718,0.0,0.0,0.0
e5283082,0.0,1.0,0.0
e5584226,1.0,1.0,1.0
e5600226,0.0,1.0,1.0
e5598516,1.0,1.0,1.0
e5605994,1.0,1.0,1.0
e5235912,0.0,0.0,1.0
e5390552,0.0,0.0,1.0
e5217382,0.0,0.0,1.0
e5218180,1.0,0.0,0.0
e5593000,1.0,0.0,0.0
e5607430,1.0,1.0,1.0
e224254,0.0,1.0,0.0
e5513740,1.0,0.0,1.0
e5604534,1.0,1.0,1.0
e5503124,0.0,1.0,1.0
e5215726,1.0,1.0,1.0
e5180854,1.0,1.0,1.0
e5607802,1.0,1.0,1.0
e230756,1.0,0.0,1.0
e5590820,0.0,0.0,1.0
e5595292,1.0,0.0,0.0
e5412682,1.0,0.0,1.0
e5586548,0.0,1.0,1.0
e5590962,0.0,1.0,0.0
e5601100,1.0,0.0,1.0
e5584102,1.0,1.0,1.0
e5240282,0.0,1.0,0.0
e5583108,1.0,0.0,1.0
e5585278,1.0,1.0,0.0
e4843088,1.0,0.0,0.0
e5229138,0.0,1.0,0.0
e5581970,1.0,0.0,1.0
e5602528,1.0,1.0,1.0
e5387870,0.0,1.0,0.0
e5537874,1.0,0.0,1.0
e5604856,1.0,1.0,1.0
e5608060,1.0,1.0,1.0
e5532928,1.0,1.0,0.0
e5096834,0.0,1.0,0.0
e5548152,0.0,1.0,0.0
e215678,1.0,0.0,0.0
e215680,0.0,0.0,1.0
e223632,1.0,0.0,0.0
e5518222,1.0,1.0,1.0
e5530462,1.0,0.0,1.0
e255440,0.0,0.0,1.0
e5160638,1.0,0.0,0.0
e5599390,1.0,1.0,1.0
e4784612,0.0,0.0,0.0
e5344984,0.0,1.0,0.0
e5587400,1.0,1.0,1.0
e5197844,0.0,0.0,1.0
e5535572,1.0,0.0,1.0
e5601540,0.0,1.0,1.0
e318772,0.0,1.0,1.0
e5214672,0.0,0.0,1.0
e5589828,0.0,1.0,0.0
e5507716,1.0,1.0,1.0
e5555826,1.0,0.0,1.0
e4942862,1.0,0.0,0.0
e5607874,1.0,1.0,1.0
e5126824,1.0,0.0,0.0
e5143342,1.0,0.0,0.0
e5543050,0.0,1.0,0.0
e5442114,0.0,1.0,1.0
e5213712,1.0,1.0,0.0
e5544836,1.0,0.0,0.0
e5548096,1.0,0.0,0.0
e5184816,1.0,0.0,0.0
e5533322,0.0,1.0,0.0
e5602000,1.0,0.0,1.0
e5606070,1.0,0.0,0.0
e5219990,0.0,1.0,0.0
e5510132,1.0,1.0,0.0
e326430,0.0,0.0,0.0
e5422988,1.0,0.0,1.0
e5594340,0.0,1.0,0.0
e5581776,1.0,1.0,1.0
e5593872,0.0,0.0,1.0
e5192136,1.0,0.0,1.0
e5222072,1.0,0.0,0.0
e5604076,0.0,1.0,1.0
e5577942,1.0,1.0,1.0
e5375242,1.0,0.0,1.0
e5591328,0.0,1.0,1.0
e5546252,1.0,0.0,1.0
e5549480,0.0,1.0,0.0
e329092,0.0,1.0,0.0
e5287862,1.0,1.0,1.0
e5545592,0.0,1.0,0.0
e5558590,1.0,1.0,0.0
e292216,1.0,1.0,0.0
e5376004,1.0,0.0,1.0
e5226768,0.0,0.0,1.0
e5591668,1.0,0.0,0.0
e5460092,0.0,0.0,1.0
e5211596,1.0,0.0,0.0
e5213244,0.0,0.0,1.0
e5220378,0.0,0.0,1.0
e5446718,1.0,1.0,0.0
e5607200,1.0,1.0,1.0
e5221418,1.0,0.0,0.0
e5395732,0.0,1.0,1.0
e5535054,1.0,0.0,0.0
e5587166,1.0,1.0,1.0
e5536890,1.0,0.0,0.0
e5589632,0.0,1.0,0.0
e5601794,1.0,1.0,1.0
e5228836,0.0,0.0,1.0
e5591608,1.0,1.0,0.0
e5223862,0.0,0.0,1.0
e5400536,1.0,0.0,1.0
e5600988,1.0,1.0,1.0
e4826960,1.0,1.0,0.0
e5103122,1.0,0.0,0.0
e5543734,0.0,1.0,0.0
e5599800,1.0,0.0,1.0
e5200560,0.0,1.0,0.0
e5602588,1.0,1.0,1.0
e5462924,0.0,0.0,1.0
e4987864,0.0,1.0,0.0
e5604258,1.0,1.0,1.0
e5206048,0.0,1.0,0.0
e5592114,1.0,0.0,1.0
e5601216,1.0,1.0,1.0
e5583334,1.0,1.0,1.0
e5478714,1.0,0.0,1.0
e5591848,1.0,1.0,1.0
e5542886,0.0,1.0,0.0
e5545758,1.0,0.0,1.0
e5478264,0.0,1.0,0.0
e5365868,0.0,0.0,1.0
e4963210,0.0,1.0,0.0
e5499714,1.0,0.0,1.0
e5592310,0.0,1.0,0.0
e5537258,1.0,1.0,1.0
e4854602,1.0,0.0,0.0
e5020432,0.0,1.0,0.0
e5536864,0.0,1.0,1.0
e5478224,1.0,1.0,1.0
e5577310,1.0,0.0,1.0
e5344986,1.0,1.0,1.0
e5537514,0.0,1.0,0.0
e5489272,1.0,1.0,0.0
e5540444,1.0,0.0,0.0
e380526,1.0,0.0,0.0
e5471864,1.0,1.0,1.0
e5195452,0.0,1.0,0.0
e5518980,1.0,0.0,1.0
e5453454,0.0,0.0,1.0
e5161128,1.0,1.0,0.0
e328238,1.0,0.0,0.0
e5591336,1.0,1.0,1.0
e5575836,1.0,0.0,1.0
e5537464,0.0,1.0,0.0
e5226754,1.0,0.0,1.0
e5539060,0.0,1.0,0.0
e311980,0.0,0.0,0.0
e5534550,0.0,1.0,0.0
e5599056,1.0,1.0,1.0
e5590944,1.0,0.0,1.0
e5594798,0.0,1.0,0.0
e5603466,1.0,1.0,1.0
e5537332,1.0,0.0,0.0
e5586358,1.0,1.0,1.0
e5532164,1.0,0.0,1.0
e5599526,1.0,1.0,1.0
e5588378,1.0,1.0,1.0
e5248898,1.0,0.0,0.0
e5585710,1.0,1.0,1.0
e5586808,1.0,1.0,0.0
e5585956,1.0,1.0,1.0
e5607098,1.0,1.0,1.0
e5536436,0.0,0.0,1.0
e5219694,0.0,1.0,0.0
e5606592,1.0,1.0,1.0
e5600246,0.0,1.0,1.0
e5578864,0.0,1.0,1.0
e4975062,0.0,0.0,1.0
e5498544,0.0,1.0,1.0
e5594932,0.0,1.0,0.0
e5175368,1.0,0.0,0.0
e5344502,0.0,0.0,1.0
e5344504,0.0,0.0,1.0
e310796,1.0,0.0,1.0
e310798,0.0,1.0,0.0
e5511728,1.0,0.0,0.0
e5146470,1.0,0.0,0.0
e5586324,0.0,1.0,1.0
e5502848,0.0,1.0,1.0
e5228602,0.0,1.0,0.0
e5361840,1.0,0.0,1.0
e5606416,0.0,1.0,0.0
e5590852,0.0,1.0,0.0
e5280316,0.0,0.0,1.0
e5499888,0.0,1.0,1.0
e5471290,0.0,1.0,1.0
e5591120,1.0,1.0,1.0
e5536292,0.0,1.0,1.0
e5541528,1.0,0.0,0.0
e5599528,1.0,1.0,1.0
e5445922,0.0,1.0,0.0
e296028,1.0,0.0,0.0
e5065372,1.0,0.0,0.0
e5386464,0.0,1.0,1.0
e5489284,0.0,1.0,0.0
e5227890,0.0,1.0,1.0
e378376,1.0,0.0,0.0
e5210174,0.0,1.0,0.0
e5584060,1.0,0.0,1.0
e5587682,1.0,1.0,1.0
e5586212,1.0,1.0,1.0
e5178040,0.0,1.0,0.0
e5589450,0.0,1.0,0.0
e5585874,1.0,1.0,1.0
e5226450,0.0,1.0,0.0
e5578530,1.0,1.0,1.0
e5355110,1.0,0.0,1.0
e5112074,0.0,1.0,1.0
e5606722,1.0,0.0,1.0
e5607054,1.0,1.0,1.0
e317180,1.0,0.0,0.0
e5536258,1.0,0.0,0.0
e5528614,1.0,1.0,1.0
e5208946,0.0,1.0,0.0
e5586118,1.0,0.0,1.0
e5228162,0.0,1.0,0.0
e5306050,0.0,0.0,1.0
e5588476,1.0,0.0,1.0
e5607536,1.0,1.0,1.0
e5530006,1.0,1.0,1.0
e5540638,1.0,0.0,0.0
e5157110,1.0,0.0,0.0
e5159860,1.0,0.0,0.0
e5606282,0.0,1.0,0.0
e5158412,1.0,1.0,0.0
e5571886,0.0,1.0,1.0
e5603196,1.0,1.0,1.0
e5582456,1.0,1.0,1.0
e289270,1.0,0.0,0.0
e4903710,1.0,1.0,0.0
e5140358,1.0,0.0,0.0
e5607182,1.0,1.0,0.0
e5387290,1.0,1.0,0.0
e5511274,1.0,0.0,1.0
e291250,0.0,0.0,0.0
e5544762,1.0,0.0,0.0
e5593870,1.0,0.0,1.0
e5379380,1.0,1.0,0.0
e341500,1.0,1.0,0.0
e5599434,0.0,1.0,1.0
e5423650,1.0,0.0,1.0
e379706,1.0,0.0,0.0
e5586506,1.0,1.0,0.0
e5521996,0.0,1.0,0.0
e363486,0.0,0.0,0.0
e5582226,1.0,1.0,0.0
e5543466,1.0,0.0,0.0
e4636893,1.0,0.0,1.0
e5105182,1.0,0.0,1.0
e5490028,0.0,0.0,1.0
e5601012,1.0,1.0,1.0
e5457768,1.0,0.0,1.0
e5602266,1.0,1.0,1.0
e5216190,0.0,0.0,1.0
e5515566,1.0,0.0,1.0
e4796452,1.0,0.0,0.0
e5514920,0.0,1.0,1.0
e5543102,0.0,1.0,0.0
e5343310,1.0,1.0,0.0
e5096734,1.0,0.0,0.0
e5595378,1.0,1.0,1.0
e5048072,0.0,0.0,1.0
e5236518,0.0,0.0,1.0
e5522390,1.0,0.0,1.0
e329272,1.0,0.0,0.0
e5607406,1.0,1.0,1.0
e5537228,0.0,1.0,0.0
e5401200,1.0,0.0,0.0
e5114206,1.0,0.0,0.0
e5018162,0.0,0.0,1.0
e5439046,1.0,0.0,1.0
e5548764,0.0,1.0,0.0
e5240212,1.0,0.0,1.0
e5604190,1.0,1.0,1.0
e5535324,1.0,0.0,1.0
e5571462,1.0,0.0,1.0
e5223314,0.0,1.0,0.0
e5205140,1.0,0.0,0.0
e5605954,1.0,1.0,1.0
e5547068,1.0,0.0,1.0
e325316,0.0,1.0,0.0
e5546274,1.0,0.0,0.0
e375142,1.0,1.0,0.0
e5604700,1.0,1.0,1.0
e5419602,0.0,1.0,1.0
e5225492,0.0,0.0,1.0
e5504696,1.0,1.0,1.0
e5601648,1.0,0.0,1.0
e5241626,0.0,0.0,1.0
e5423098,1.0,0.0,1.0
e5600032,1.0,1.0,1.0
e5589146,0.0,1.0,0.0
e5607974,1.0,1.0,1.0
e5537214,0.0,1.0,0.0
e5601512,1.0,1.0,1.0
e5190928,1.0,0.0,0.0
e5607040,1.0,1.0,1.0
e5203682,1.0,0.0,0.0
e5606280,1.0,0.0,0.0
e5212606,0.0,1.0,0.0
e5517440,1.0,1.0,1.0
e5605554,1.0,1.0,1.0
e303384,1.0,0.0,0.0
e5543206,0.0,1.0,0.0
e5592186,1.0,0.0,1.0
e5469524,1.0,1.0,1.0
e362196,0.0,0.0,1.0
e4900844,1.0,0.0,0.0
e5151864,1.0,0.0,0.0
e5608062,1.0,1.0,1.0
e5178016,0.0,0.0,1.0
e5600880,0.0,1.0,1.0
e5541412,0.0,1.0,0.0
e4975146,1.0,0.0,0.0
e5433292,0.0,1.0,0.0
e5291632,1.0,1.0,1.0
e5110954,1.0,0.0,0.0
e5606106,1.0,0.0,0.0
e5605252,1.0,1.0,1.0
e5382026,1.0,0.0,1.0
e5550070,0.0,1.0,0.0
e5607930,1.0,1.0,1.0
e5541750,1.0,0.0,1.0
e326238,1.0,0.0,0.0
e5497216,1.0,0.0,1.0
e5283078,1.0,1.0,1.0
e5525178,1.0,1.0,1.0
e5585728,0.0,1.0,1.0
e5108286,0.0,1.0,0.0
e5208698,0.0,0.0,1.0
e377992,1.0,0.0,0.0
e5234910,1.0,0.0,0.0
e447168,0.0,1.0,0.0
e389672,0.0,0.0,0.0
e5593062,0.0,1.0,1.0
e5103730,0.0,0.0,1.0
e5216248,1.0,0.0,0.0
e5496190,0.0,1.0,1.0
e5599808,1.0,1.0,1.0
e5547504,0.0,1.0,0.0
e471470,0.0,0.0,1.0
e4888858,1.0,1.0,0.0
e5208658,0.0,1.0,0.0
e5426992,1.0,0.0,1.0
e5591904,0.0,1.0,0.0
e5546786,0.0,1.0,0.0
e432460,1.0,0.0,0.0
e5241556,0.0,1.0,0.0
e5199614,1.0,0.0,0.0
e4711564,1.0,0.0,0.0
e5496852,1.0,1.0,1.0
e5370998,1.0,0.0,1.0
e5207010,0.0,1.0,0.0
e5592916,1.0,0.0,1.0
e5592948,0.0,1.0,1.0
e5545128,0.0,1.0,0.0
e5588944,1.0,1.0,1.0
e5577082,1.0,0.0,1.0
e5589848,1.0,0.0,0.0
e5568648,1.0,1.0,0.0
e5093806,1.0,0.0,0.0
e442066,1.0,0.0,0.0
e5537742,1.0,0.0,1.0
e5139142,0.0,0.0,1.0
e5602878,1.0,1.0,1.0
e5515130,1.0,0.0,1.0
e5603454,1.0,1.0,1.0
e5544016,0.0,1.0,0.0
e5588624,1.0,0.0,1.0
e5603922,1.0,1.0,1.0
e5607212,1.0,1.0,1.0
e5212230,0.0,1.0,0.0
e5510588,1.0,0.0,1.0
e5362386,1.0,0.0,1.0
e5604358,1.0,1.0,1.0
e5156150,0.0,0.0,1.0
e5607572,1.0,1.0,1.0
e456582,0.0,0.0,1.0
e5426862,1.0,0.0,0.0
e5593688,1.0,1.0,1.0
e5288872,0.0,1.0,0.0
e5541490,1.0,0.0,1.0
e5173528,0.0,1.0,0.0
e5196822,0.0,0.0,1.0
e475734,0.0,1.0,1.0
e5140344,0.0,1.0,0.0
e4784096,1.0,0.0,0.0
e5046872,0.0,1.0,0.0
e5606394,1.0,0.0,0.0
e5227762,1.0,1.0,0.0
e5105306,1.0,0.0,0.0
e5206638,0.0,0.0,1.0
e5337232,0.0,0.0,1.0
e5402880,0.0,1.0,0.0
e447854,1.0,1.0,1.0
e447856,1.0,1.0,1.0
e5546322,1.0,0.0,0.0
e5607518,1.0,0.0,1.0
e5525482,1.0,1.0,1.0
e5585704,0.0,1.0,1.0
e5225972,1.0,0.0,0.0
e5589456,0.0,1.0,1.0
e5030100,0.0,0.0,0.0
e5594200,0.0,1.0,0.0
e5495622,1.0,0.0,1.0
e5220234,0.0,0.0,1.0
e5397352,1.0,0.0,0.0
e5307330,0.0,1.0,0.0
e5499300,1.0,1.0,1.0
e5193960,1.0,1.0,1.0
e5544784,1.0,1.0,0.0
e5548182,1.0,1.0,1.0
e5442922,1.0,0.0,1.0
e5146110,0.0,0.0,1.0
e5225782,1.0,0.0,0.0
e5588198,1.0,0.0,1.0
e5223972,0.0,1.0,0.0
e5514070,1.0,0.0,1.0
e5198116,1.0,0.0,0.0
e5292396,0.0,0.0,1.0
e5225488,0.0,1.0,0.0
e5605906,1.0,0.0,1.0
e5605004,1.0,1.0,1.0
e4737928,1.0,0.0,0.0
e422674,0.0,0.0,0.0
e414398,0.0,0.0,1.0
e5221664,0.0,1.0,0.0
e5558584,1.0,1.0,0.0
e401322,0.0,0.0,0.0
e4709746,1.0,0.0,0.0
e5481138,1.0,0.0,1.0
e5191880,0.0,0.0,1.0
e5175542,0.0,0.0,1.0
e5408378,1.0,1.0,1.0
e5244804,1.0,1.0,0.0
e5546126,1.0,1.0,0.0
e5604134,1.0,1.0,1.0
e5402840,0.0,1.0,1.0
e5536466,1.0,0.0,1.0
e5590508,0.0,1.0,0.0
e402846,1.0,0.0,0.0
e5572448,0.0,0.0,1.0
e5224886,1.0,0.0,0.0
e5594764,1.0,1.0,1.0
e5591332,0.0,1.0,0.0
e5113422,1.0,0.0,0.0
e5605088,1.0,1.0,1.0
e4756406,1.0,0.0,1.0
e4686925,0.0,0.0,0.0
e5225862,0.0,1.0,0.0
e402172,0.0,0.0,0.0
e5545040,1.0,0.0,1.0
e5545042,0.0,1.0,0.0
e5339392,1.0,0.0,0.0
e5091356,0.0,1.0,0.0
e406924,1.0,0.0,0.0
e406926,1.0,0.0,0.0
e5241922,1.0,0.0,0.0
e5347684,1.0,1.0,0.0
e5444314,0.0,1.0,0.0
e5591068,1.0,0.0,1.0
e5199676,0.0,1.0,0.0
e5575130,1.0,1.0,1.0
e5532810,1.0,1.0,1.0
e5606322,0.0,1.0,0.0
e5559988,1.0,0.0,0.0
e5606816,1.0,1.0,1.0
e418222,0.0,0.0,0.0
e445934,0.0,0.0,0.0
e5534992,0.0,0.0,1.0
e5603302,1.0,1.0,1.0
e5599270,1.0,0.0,1.0
e5591002,0.0,1.0,0.0
e5595498,1.0,1.0,1.0
e5574148,1.0,1.0,1.0
e4984226,1.0,0.0,0.0
e5466218,1.0,0.0,0.0
e5605094,1.0,1.0,1.0
e5069164,0.0,0.0,1.0
e5535864,1.0,0.0,1.0
e5592242,0.0,0.0,1.0
e4623028,1.0,0.0,0.0
e5487256,1.0,1.0,1.0
e5473390,1.0,1.0,1.0
e445506,1.0,1.0,1.0
e5604748,1.0,1.0,0.0
e387680,1.0,0.0,0.0
e5206936,0.0,1.0,0.0
e5584706,1.0,0.0,1.0
e5589758,0.0,1.0,0.0
e5593830,0.0,1.0,0.0
e5597738,1.0,0.0,1.0
e5501030,1.0,1.0,1.0
e5525002,1.0,1.0,1.0
e5240138,0.0,1.0,0.0
e5605250,1.0,0.0,1.0
e5089160,1.0,0.0,0.0
e5589138,1.0,0.0,1.0
e5124308,0.0,0.0,1.0
e5210790,1.0,0.0,0.0
e5591364,1.0,0.0,1.0
e5595044,0.0,1.0,0.0
e4924448,1.0,0.0,0.0
e5208294,0.0,1.0,0.0
e5536094,1.0,0.0,1.0
e434000,1.0,0.0,0.0
e5544302,1.0,0.0,0.0
e5555094,1.0,0.0,1.0
e5541970,0.0,1.0,1.0
e422582,0.0,1.0,1.0
e5115650,1.0,0.0,0.0
e5531760,1.0,1.0,1.0
e473134,1.0,0.0,0.0
e5579208,1.0,1.0,1.0
e5443038,0.0,1.0,0.0
e5474978,1.0,0.0,1.0
e5607650,1.0,1.0,0.0
e5575848,1.0,1.0,1.0
e5408370,1.0,1.0,0.0
e5227502,0.0,1.0,0.0
e5188236,1.0,0.0,1.0
e5226612,0.0,0.0,1.0
e446182,0.0,1.0,0.0
e5600436,1.0,1.0,1.0
e5508834,1.0,1.0,0.0
e5541950,1.0,0.0,1.0
e5547186,0.0,1.0,0.0
e5107398,1.0,0.0,0.0
e5245556,1.0,0.0,0.0
e5603122,1.0,1.0,1.0
e5599884,0.0,1.0,1.0
e5605704,0.0,1.0,0.0
e5205202,0.0,0.0,1.0
e5435556,1.0,1.0,0.0
e5502734,1.0,0.0,1.0
e5543830,0.0,1.0,0.0
e5586176,0.0,1.0,1.0
e4995326,0.0,0.0,1.0
e5547552,0.0,1.0,0.0
e5601228,1.0,1.0,1.0
e5025442,1.0,0.0,1.0
e5493294,0.0,1.0,1.0
e5592104,0.0,1.0,0.0
e5607014,1.0,1.0,1.0
e5607422,1.0,1.0,1.0
e5600220,0.0,1.0,1.0
e5535780,0.0,0.0,1.0
e5581080,1.0,0.0,1.0
e5183770,1.0,0.0,0.0
e5531150,1.0,0.0,1.0
e5606536,1.0,1.0,1.0
e5592502,1.0,1.0,1.0
e5592438,1.0,0.0,1.0
e5595630,0.0,1.0,0.0
e451830,1.0,1.0,0.0
e5104344,1.0,0.0,0.0
e5548256,0.0,1.0,0.0
e5537254,0.0,1.0,0.0
e5599494,1.0,0.0,1.0
e5599534,0.0,1.0,1.0
e5607722,1.0,1.0,1.0
e5129232,0.0,1.0,0.0
e5604384,1.0,1.0,0.0
e5193262,1.0,0.0,0.0
e5604370,1.0,1.0,1.0
e5146878,1.0,0.0,0.0
e5420426,0.0,1.0,1.0
e5254980,1.0,0.0,0.0
e5290380,1.0,0.0,0.0
e5593764,0.0,0.0,1.0
e5465064,1.0,1.0,1.0
e5125958,0.0,1.0,0.0
e5506516,1.0,1.0,1.0
e5079474,0.0,0.0,0.0
e5606820,1.0,1.0,1.0
e5503066,1.0,0.0,1.0
e5493056,1.0,0.0,1.0
e5212670,1.0,0.0,0.0
e5547934,1.0,0.0,0.0
e5182776,1.0,1.0,0.0
e5578572,0.0,1.0,1.0
e472358,0.0,0.0,0.0
e4622044,0.0,0.0,0.0
e5188610,0.0,0.0,1.0
e5418630,1.0,0.0,1.0
e5591502,1.0,1.0,1.0
e5536672,1.0,0.0,1.0
e5591858,0.0,1.0,0.0
e5252974,0.0,1.0,0.0
e5224842,0.0,1.0,0.0
e5607986,1.0,1.0,1.0
e429636,0.0,1.0,0.0
e450514,1.0,0.0,0.0
e450516,1.0,0.0,0.0
e5213532,1.0,0.0,0.0
e5591490,1.0,0.0,0.0
e5543508,0.0,1.0,0.0
e5230618,0.0,1.0,0.0
e5576298,1.0,1.0,0.0
e5543750,1.0,1.0,1.0
e5518630,1.0,1.0,1.0
e5607758,1.0,1.0,1.0
e5258824,0.0,1.0,0.0
e5486618,1.0,0.0,1.0
e5607820,1.0,1.0,1.0
e5537970,0.0,1.0,0.0
e5605106,1.0,1.0,0.0
e5607962,1.0,1.0,1.0
e5256014,0.0,1.0,0.0
e5578362,1.0,1.0,1.0
e5585238,1.0,1.0,0.0
e5549194,1.0,0.0,1.0
e5212032,0.0,0.0,1.0
e508856,0.0,1.0,1.0
e5318210,0.0,0.0,1.0
e5591632,0.0,1.0,0.0
e5593136,1.0,1.0,1.0
e5599796,0.0,1.0,1.0
e5607364,1.0,1.0,0.0
e564898,1.0,0.0,0.0
e564900,1.0,0.0,0.0
e5588880,1.0,1.0,1.0
e5466956,1.0,0.0,1.0
e5534266,0.0,0.0,1.0
e5590054,1.0,0.0,0.0
e5536530,1.0,0.0,0.0
e5590142,1.0,1.0,1.0
e5196784,0.0,1.0,0.0
e4817054,0.0,1.0,0.0
e5227854,1.0,1.0,0.0
e5352086,1.0,1.0,1.0
e5535192,0.0,0.0,1.0
e5159194,0.0,1.0,0.0
e5220940,1.0,0.0,0.0
e5252908,1.0,0.0,0.0
e5245948,1.0,0.0,0.0
e5493844,1.0,1.0,0.0
e5218532,0.0,1.0,0.0
e5602044,1.0,1.0,1.0
e5541774,0.0,0.0,1.0
e5590322,1.0,0.0,1.0
e5565068,1.0,0.0,0.0
e5565070,1.0,1.0,1.0
e5571814,1.0,0.0,0.0
e5601892,0.0,1.0,1.0
e5160976,1.0,0.0,0.0
e5527088,1.0,0.0,1.0
e5591300,1.0,1.0,1.0
e5220898,0.0,0.0,1.0
e5588742,1.0,1.0,1.0
e5578390,1.0,1.0,0.0
e5548710,0.0,1.0,0.0
e534588,1.0,0.0,0.0
e5607456,1.0,1.0,1.0
e5604954,1.0,0.0,1.0
e5606080,1.0,1.0,1.0
e5120722,1.0,0.0,0.0
e5221756,0.0,0.0,1.0
e4927956,1.0,0.0,0.0
e5592488,0.0,1.0,0.0
e5601192,1.0,0.0,1.0
e5194896,0.0,0.0,1.0
e5522816,1.0,1.0,0.0
e5603916,0.0,1.0,1.0
e5458096,0.0,1.0,1.0
e5149310,1.0,0.0,0.0
e561434,0.0,1.0,1.0
e507762,0.0,1.0,0.0
e5607784,1.0,1.0,1.0
e5210400,0.0,1.0,0.0
e5524228,1.0,0.0,1.0
e5198536,1.0,0.0,0.0
e5551578,1.0,1.0,1.0
e5599440,1.0,0.0,1.0
e5607474,1.0,1.0,1.0
e5482268,1.0,0.0,1.0
e482888,0.0,1.0,0.0
e5050932,1.0,0.0,0.0
e5584798,1.0,1.0,1.0
e5493026,1.0,1.0,1.0
e5198276,1.0,0.0,0.0
e5607126,1.0,1.0,1.0
e5412998,1.0,0.0,1.0
e5492674,0.0,1.0,0.0
e5589934,1.0,0.0,0.0
e4793502,1.0,0.0,0.0
e5216884,0.0,1.0,0.0
e4622850,0.0,0.0,0.0
e524488,1.0,0.0,0.0
e5602896,1.0,1.0,1.0
e5585360,1.0,0.0,1.0
e5546746,1.0,1.0,0.0
e521350,1.0,0.0,0.0
e5108098,1.0,0.0,0.0
e5143818,0.0,0.0,1.0
e506858,1.0,0.0,0.0
e5600664,1.0,0.0,0.0
e5541480,1.0,1.0,1.0
e5541580,1.0,1.0,0.0
e5594248,1.0,0.0,0.0
e5448398,1.0,1.0,1.0
e5593784,0.0,1.0,0.0
e5165728,1.0,0.0,0.0
e5521748,1.0,0.0,1.0
e5188082,0.0,0.0,1.0
e5605082,1.0,1.0,1.0
e5241620,1.0,0.0,1.0
e5157548,0.0,0.0,1.0
e5355352,0.0,0.0,1.0
e5600826,1.0,1.0,1.0
e5226416,1.0,0.0,0.0
e505620,1.0,0.0,0.0
e5594666,0.0,1.0,0.0
e5600584,1.0,1.0,1.0
e5291644,1.0,1.0,0.0
e5588840,1.0,1.0,1.0
e5465782,0.0,1.0,0.0
e5599352,1.0,1.0,1.0
e482080,1.0,0.0,0.0
e5362872,1.0,0.0,0.0
e533268,1.0,0.0,0.0
e5362610,1.0,0.0,0.0
e504194,1.0,0.0,1.0
e517798,1.0,0.0,0.0
e517800,0.0,1.0,0.0
e5537532,0.0,1.0,0.0
e5607846,1.0,1.0,1.0
e5200752,0.0,1.0,0.0
e5598862,0.0,1.0,1.0
e555944,1.0,0.0,0.0
e5077574,1.0,0.0,0.0
e5371556,1.0,0.0,1.0
e5589956,1.0,1.0,1.0
e5541052,1.0,0.0,0.0
e5541054,0.0,0.0,1.0
e4691822,0.0,1.0,0.0
e5208662,0.0,1.0,0.0
e5602776,0.0,1.0,1.0
e5604966,1.0,1.0,1.0
e5543890,1.0,0.0,1.0
e5605962,0.0,1.0,1.0
e5594420,0.0,0.0,1.0
e5585110,1.0,1.0,1.0
e5527938,1.0,1.0,0.0
e548756,0.0,0.0,1.0
e5591966,1.0,0.0,0.0
e5593360,0.0,1.0,0.0
e5595052,1.0,1.0,0.0
e5225714,1.0,0.0,0.0
e5537154,0.0,1.0,0.0
e5388460,1.0,1.0,0.0
e5599762,0.0,1.0,1.0
e5589732,1.0,0.0,0.0
e5096066,0.0,1.0,0.0
e5168566,1.0,0.0,0.0
e5607036,1.0,1.0,1.0
e5599268,0.0,1.0,1.0
e5436796,1.0,1.0,0.0
e5538254,0.0,0.0,1.0
e5593006,1.0,1.0,1.0
e5572092,0.0,0.0,1.0
e5587188,1.0,1.0,0.0
e5203260,0.0,1.0,0.0
e5210912,1.0,0.0,0.0
e5430500,1.0,0.0,1.0
e555282,1.0,0.0,0.0
e555284,0.0,0.0,1.0
e5187836,0.0,0.0,1.0
e5495546,1.0,0.0,1.0
e5606712,1.0,1.0,1.0
e5608092,1.0,1.0,1.0
e5605476,1.0,1.0,1.0
e5537420,0.0,1.0,0.0
e5530464,1.0,1.0,1.0
e5573788,1.0,0.0,1.0
e5603980,1.0,1.0,1.0
e5188918,0.0,0.0,1.0
e5191834,1.0,0.0,1.0
e5599748,1.0,1.0,1.0
e5519620,1.0,1.0,1.0
e5600670,1.0,1.0,1.0
e5535748,0.0,1.0,0.0
e5580122,1.0,0.0,1.0
e5099742,1.0,0.0,0.0
e5581518,1.0,1.0,1.0
e5179332,1.0,0.0,0.0
e5477824,0.0,1.0,1.0
e5600726,1.0,1.0,1.0
e5602002,1.0,1.0,1.0
e5602090,1.0,1.0,1.0
e5600172,1.0,0.0,1.0
e5414356,0.0,0.0,1.0
e5586364,1.0,1.0,1.0
e5605706,0.0,1.0,0.0
e5514792,1.0,1.0,1.0
e5178994,0.0,1.0,0.0
e5157908,0.0,1.0,0.0
e5540662,0.0,1.0,1.0
e5159118,0.0,0.0,1.0
e5143600,0.0,0.0,0.0
e5606538,1.0,1.0,1.0
e5161022,0.0,1.0,0.0
e5597388,1.0,1.0,1.0
e546372,0.0,0.0,1.0
e5541666,1.0,1.0,0.0
e5604128,1.0,1.0,1.0
e5227576,1.0,0.0,0.0
e5538192,1.0,0.0,1.0
e5549244,0.0,1.0,0.0
e5605694,0.0,1.0,1.0
e5500814,1.0,0.0,1.0
e5220138,1.0,0.0,0.0
e5594432,0.0,0.0,1.0
e5178902,0.0,0.0,1.0
e5456650,1.0,1.0,0.0
e5534168,1.0,1.0,0.0
e5548572,0.0,0.0,1.0
e5467604,1.0,1.0,1.0
e5431920,1.0,0.0,1.0
e5537912,0.0,1.0,0.0
e5570250,0.0,0.0,1.0
e5218160,0.0,1.0,0.0
e5587626,1.0,1.0,1.0
e5543984,0.0,1.0,0.0
e4863020,0.0,1.0,0.0
e5549124,0.0,1.0,0.0
e522510,1.0,0.0,0.0
e5198560,1.0,0.0,0.0
e522514,1.0,0.0,0.0
e5606928,1.0,0.0,1.0
e5544146,1.0,0.0,1.0
e533136,1.0,0.0,0.0
e533138,1.0,0.0,0.0
e5200476,0.0,1.0,0.0
e5174470,1.0,0.0,0.0
e5605934,0.0,1.0,1.0
e5216110,0.0,1.0,0.0
e5410228,1.0,0.0,1.0
e5222258,0.0,0.0,1.0
e5589598,1.0,1.0,1.0
e5570420,1.0,0.0,1.0
e5435094,1.0,0.0,1.0
e5538100,1.0,0.0,0.0
e5605272,1.0,1.0,1.0
e5584942,1.0,1.0,1.0
e5579352,1.0,1.0,0.0
e5489280,1.0,1.0,1.0
e5083958,1.0,0.0,0.0
e5599002,1.0,1.0,1.0
e5543858,1.0,0.0,0.0
e5607900,1.0,1.0,1.0
e5188648,0.0,0.0,0.0
e5223328,0.0,1.0,0.0
e5592912,1.0,0.0,0.0
e537370,0.0,0.0,0.0
e5584130,1.0,1.0,0.0
e668060,1.0,0.0,0.0
e5593462,1.0,1.0,1.0
e5600132,1.0,1.0,1.0
e5204570,0.0,0.0,1.0
e5603352,1.0,1.0,1.0
e5221002,1.0,0.0,0.0
e5601372,0.0,1.0,1.0
e5096800,0.0,1.0,0.0
e5573886,1.0,1.0,1.0
e5458848,1.0,1.0,0.0
e5604916,0.0,1.0,1.0
e5466280,1.0,0.0,1.0
e5147274,1.0,0.0,0.0
e5586430,0.0,1.0,1.0
e5221422,0.0,1.0,0.0
e5227752,0.0,0.0,1.0
e5318612,1.0,0.0,0.0
e5531628,1.0,1.0,1.0
e5420598,1.0,1.0,0.0
e5607326,1.0,1.0,0.0
e5541374,0.0,0.0,1.0
e5547900,1.0,0.0,0.0
e5590078,1.0,0.0,1.0
e5502180,1.0,1.0,1.0
e5515686,1.0,0.0,1.0
e5591506,0.0,1.0,0.0
e5606526,0.0,0.0,1.0
e5606612,1.0,1.0,0.0
e5601596,1.0,1.0,1.0
e5586164,1.0,0.0,1.0
e667224,1.0,0.0,0.0
e5472708,0.0,1.0,1.0
e5421234,0.0,1.0,0.0
e662306,1.0,0.0,0.0
e4697916,1.0,0.0,0.0
e5307498,1.0,1.0,0.0
e5211310,1.0,1.0,0.0
e5191212,1.0,0.0,0.0
e5605266,1.0,1.0,1.0
e5215996,0.0,1.0,1.0
e5543374,1.0,0.0,0.0
e5575114,1.0,0.0,1.0
e5177732,0.0,1.0,0.0
e5339624,1.0,0.0,1.0
e5606812,0.0,1.0,1.0
e5574404,0.0,1.0,1.0
e5232414,0.0,0.0,1.0
e5339176,1.0,0.0,1.0
e594442,1.0,0.0,1.0
e5607752,1.0,1.0,1.0
e666128,0.0,0.0,0.0
e5604818,1.0,0.0,1.0
e4963332,1.0,0.0,0.0
e5504306,1.0,1.0,1.0
e5534858,0.0,0.0,1.0
e636478,1.0,0.0,0.0
e636480,1.0,0.0,0.0
e5536022,1.0,1.0,1.0
e5172580,1.0,0.0,0.0
e5542390,0.0,1.0,1.0
e5558906,1.0,0.0,0.0
e5199428,1.0,0.0,0.0
e5250882,1.0,0.0,0.0
e4698722,0.0,0.0,0.0
e5307490,1.0,1.0,0.0
e5592998,1.0,1.0,0.0
e5189798,1.0,0.0,0.0
e5575178,1.0,1.0,0.0
e5603188,1.0,0.0,1.0
e5137988,0.0,1.0,0.0
e5225574,1.0,0.0,0.0
e5131102,1.0,1.0,0.0
e5255544,0.0,0.0,1.0
e5260836,0.0,1.0,0.0
e5582572,1.0,1.0,1.0
e5589676,1.0,1.0,1.0
e5187182,0.0,1.0,0.0
e5440394,1.0,0.0,1.0
e5591266,1.0,0.0,0.0
e5606234,0.0,1.0,0.0
e5607924,1.0,1.0,1.0
e5205662,0.0,0.0,1.0
e5288328,0.0,0.0,1.0
e5606474,1.0,1.0,0.0
e5202478,0.0,1.0,0.0
e5526798,1.0,0.0,1.0
e629748,1.0,0.0,0.0
e5546226,0.0,1.0,0.0
e5548848,0.0,0.0,1.0
e5541236,1.0,0.0,0.0
e5583076,1.0,0.0,1.0
e664488,1.0,1.0,1.0
e5594758,1.0,1.0,0.0
e5601894,1.0,1.0,1.0
e5219764,1.0,0.0,0.0
e5517690,0.0,1.0,0.0
e5607880,1.0,1.0,1.0
e4834668,1.0,1.0,0.0
e4934664,0.0,1.0,0.0
e5592044,1.0,0.0,1.0
e5539482,1.0,0.0,0.0
e614938,0.0,0.0,0.0
e579724,0.0,0.0,0.0
e5607868,1.0,1.0,1.0
e598250,1.0,0.0,0.0
e636354,1.0,0.0,0.0
e4783818,1.0,0.0,0.0
e5580908,0.0,1.0,1.0
e5459760,1.0,0.0,1.0
e642784,0.0,0.0,0.0
e5590648,0.0,0.0,1.0
e5595010,0.0,1.0,0.0
e5540642,0.0,1.0,0.0
e642606,1.0,1.0,1.0
e654366,0.0,1.0,1.0
e5110844,1.0,0.0,0.0
e5264618,0.0,1.0,0.0
e5588640,1.0,0.0,1.0
e5075556,1.0,0.0,0.0
e5541918,1.0,0.0,1.0
e5548076,0.0,1.0,0.0
e5087656,1.0,0.0,0.0
e5603750,1.0,0.0,1.0
e667062,0.0,0.0,0.0
e5602504,0.0,1.0,1.0
e5513726,1.0,0.0,1.0
e5541966,0.0,1.0,0.0
e4829892,1.0,1.0,1.0
e5236400,0.0,0.0,1.0
e5545022,0.0,1.0,0.0
e5545724,0.0,1.0,1.0
e5604172,1.0,1.0,1.0
e5241036,0.0,1.0,0.0
e5603410,1.0,0.0,1.0
e5548570,0.0,1.0,0.0
e5536746,0.0,1.0,1.0
e5565610,0.0,1.0,0.0
e4684975,0.0,0.0,1.0
e5356042,1.0,0.0,0.0
e5175840,0.0,1.0,0.0
e5588018,1.0,0.0,1.0
e5602728,1.0,1.0,1.0
e5543872,0.0,1.0,0.0
e5554028,1.0,1.0,0.0
e5224002,1.0,0.0,0.0
e5537222,0.0,0.0,1.0
e5154828,1.0,0.0,1.0
e5546498,0.0,1.0,0.0
e5522378,1.0,1.0,1.0
e5591100,1.0,0.0,1.0
e5417722,0.0,1.0,1.0
e5536570,1.0,1.0,1.0
e5594078,1.0,0.0,1.0
e4658189,1.0,0.0,0.0
e5240204,1.0,0.0,1.0
e5603736,0.0,1.0,1.0
e5582932,0.0,1.0,1.0
e5602416,1.0,1.0,1.0
e5208962,1.0,0.0,0.0
e5604420,1.0,0.0,1.0
e5058304,1.0,0.0,0.0
e656148,0.0,0.0,0.0
e4641609,1.0,0.0,0.0
e5598596,1.0,1.0,1.0
e5113730,1.0,0.0,1.0
e5547624,1.0,0.0,0.0
e5196536,1.0,0.0,1.0
e5604636,1.0,1.0,1.0
e5589936,1.0,1.0,0.0
e5595356,1.0,0.0,0.0
e5342144,1.0,1.0,0.0
e5604058,1.0,1.0,1.0
e648310,0.0,0.0,1.0
e5539502,0.0,1.0,0.0
e5583682,1.0,0.0,1.0
e580704,0.0,0.0,1.0
e5549022,0.0,0.0,1.0
e5356894,0.0,0.0,1.0
e5494550,1.0,0.0,1.0
e5203508,0.0,1.0,0.0
e5570924,1.0,1.0,1.0
e5499078,1.0,0.0,1.0
e5585392,1.0,1.0,1.0
e656780,1.0,0.0,0.0
e5449308,0.0,1.0,1.0
e5305224,0.0,1.0,0.0
e5605670,1.0,1.0,1.0
e5338838,0.0,0.0,1.0
e5113270,0.0,0.0,1.0
e5200474,1.0,0.0,0.0
e5607980,1.0,1.0,1.0
e4729882,0.0,0.0,1.0
e642424,1.0,0.0,1.0
e642426,0.0,1.0,0.0
e673118,0.0,0.0,0.0
e5175442,0.0,0.0,1.0
e5216960,1.0,0.0,0.0
e4709166,1.0,0.0,0.0
e640618,0.0,0.0,0.0
e5593656,1.0,1.0,0.0
e5531854,1.0,1.0,0.0
e5603310,1.0,1.0,1.0
e5284030,1.0,1.0,1.0
e5563550,1.0,1.0,1.0
e5592098,1.0,0.0,0.0
e5607170,1.0,1.0,1.0
e5214408,1.0,0.0,0.0
e5261446,0.0,1.0,1.0
e5230622,1.0,0.0,0.0
e5536354,1.0,0.0,0.0
e5605564,1.0,1.0,1.0
e5536830,1.0,1.0,1.0
e5540172,0.0,1.0,0.0
e5548866,1.0,0.0,1.0
e5607076,1.0,1.0,1.0
e5170878,0.0,1.0,0.0
e5158314,0.0,1.0,0.0
e4674943,0.0,0.0,0.0
e5530420,1.0,0.0,1.0
e618854,1.0,0.0,0.0
e584338,1.0,0.0,0.0
e673240,1.0,0.0,0.0
e5525746,1.0,0.0,1.0
e5224326,0.0,1.0,0.0
e5461696,1.0,0.0,1.0
e5543068,1.0,1.0,1.0
e5604972,1.0,1.0,1.0
e5464726,0.0,0.0,1.0
e5215398,0.0,0.0,1.0
e5213344,0.0,0.0,1.0
e5552960,0.0,0.0,1.0
e5128526,1.0,0.0,0.0
e5603472,1.0,1.0,1.0
e5493428,1.0,1.0,0.0
e652064,1.0,0.0,0.0
e652066,1.0,0.0,0.0
e5528440,1.0,0.0,1.0
e5498630,0.0,1.0,0.0
e5588638,1.0,1.0,1.0
e5536766,0.0,1.0,1.0
e5589918,1.0,0.0,1.0
e5605304,1.0,1.0,1.0
e5600456,1.0,1.0,1.0
e5198916,0.0,1.0,0.0
e4790036,0.0,0.0,0.0
e5578964,1.0,1.0,1.0
e5594138,0.0,1.0,1.0
e5606460,1.0,0.0,0.0
e5598340,1.0,0.0,1.0
e5553272,0.0,0.0,1.0
e5549742,1.0,0.0,0.0
e5602206,0.0,1.0,1.0
e767906,1.0,0.0,0.0
e5606708,1.0,1.0,1.0
e5209544,0.0,1.0,0.0
e5593468,0.0,1.0,0.0
e5607626,1.0,1.0,1.0
e5482698,1.0,0.0,1.0
e5519058,1.0,1.0,0.0
e5112158,0.0,1.0,0.0
e5542772,1.0,0.0,0.0
e5557030,1.0,1.0,0.0
e5221072,0.0,1.0,0.0
e5607674,1.0,1.0,1.0
e5542494,1.0,0.0,0.0
e696376,0.0,0.0,0.0
e5285594,1.0,0.0,0.0
e5600212,0.0,1.0,0.0
e5593052,1.0,0.0,0.0
e5489972,1.0,0.0,0.0
e5534184,0.0,0.0,1.0
e5542908,0.0,0.0,1.0
e753340,0.0,0.0,0.0
e749452,1.0,0.0,0.0
e749454,1.0,0.0,0.0
e4899430,1.0,0.0,0.0
e748710,1.0,0.0,1.0
e4891542,1.0,0.0,1.0
e685674,0.0,1.0,1.0
e5547338,0.0,1.0,0.0
e5202234,0.0,0.0,1.0
e5227650,1.0,0.0,0.0
e5606366,1.0,1.0,1.0
e5595726,1.0,1.0,0.0
e5222862,1.0,0.0,0.0
e5605154,1.0,1.0,1.0
e5604664,1.0,1.0,0.0
e4996038,1.0,0.0,0.0
e5605852,1.0,1.0,0.0
e5600974,1.0,1.0,1.0
e5346520,0.0,1.0,0.0
e693124,1.0,0.0,0.0
e5316812,0.0,1.0,0.0
e5604122,1.0,1.0,1.0
e5291342,0.0,1.0,0.0
e5190986,0.0,0.0,1.0
e5532182,1.0,1.0,1.0
e5594044,1.0,1.0,0.0
e5607506,1.0,1.0,1.0
e5607176,1.0,1.0,1.0
e5591950,0.0,1.0,0.0
e5599402,1.0,0.0,1.0
e5546996,0.0,1.0,0.0
e5347116,1.0,1.0,0.0
e743010,1.0,0.0,0.0
e5084680,0.0,0.0,0.0
e5587394,1.0,1.0,0.0
e5591268,0.0,0.0,1.0
e5602168,1.0,1.0,1.0
e5598580,1.0,1.0,1.0
e5607826,1.0,1.0,1.0
e5070748,0.0,0.0,1.0
e5543174,0.0,1.0,0.0
e5599058,1.0,1.0,1.0
e5535446,1.0,0.0,0.0
e5606580,1.0,0.0,0.0
e5579062,1.0,0.0,1.0
e5600764,1.0,1.0,0.0
e5549526,1.0,1.0,0.0
e721836,1.0,0.0,0.0
e5193596,0.0,1.0,0.0
e733940,1.0,0.0,0.0
e733942,0.0,1.0,0.0
e5543350,1.0,0.0,1.0
e5167366,1.0,0.0,0.0
e5175574,0.0,0.0,1.0
e5200634,0.0,1.0,0.0
e5581270,1.0,1.0,1.0
e5606094,1.0,1.0,1.0
e708460,1.0,0.0,0.0
e5548550,0.0,1.0,0.0
e5579050,1.0,0.0,1.0
e5570504,0.0,0.0,1.0
e5596702,0.0,0.0,1.0
e5561024,1.0,0.0,1.0
e4899716,0.0,1.0,1.0
e5241934,0.0,1.0,0.0
e5227486,0.0,1.0,0.0
e5604320,1.0,1.0,1.0
e5545702,0.0,1.0,0.0
e5587606,1.0,0.0,1.0
e5543628,0.0,0.0,1.0
e5381706,1.0,0.0,1.0
e5045742,1.0,1.0,1.0
e5548626,1.0,0.0,0.0
e5603818,1.0,1.0,0.0
e5195910,0.0,1.0,0.0
e5545904,1.0,1.0,0.0
e5591812,0.0,1.0,0.0
e5543676,1.0,1.0,0.0
e5219008,1.0,0.0,0.0
e5592856,1.0,0.0,0.0
e5578932,1.0,1.0,1.0
e5504152,1.0,1.0,0.0
e5544204,1.0,1.0,1.0
e683868,1.0,1.0,0.0
e5148910,0.0,0.0,1.0
e5544014,0.0,0.0,1.0
e5604196,1.0,1.0,1.0
e5209336,0.0,0.0,1.0
e5516894,1.0,1.0,0.0
e5591052,1.0,1.0,1.0
e5208170,1.0,0.0,0.0
e5483050,0.0,1.0,1.0
e5606206,0.0,1.0,0.0
e683294,0.0,1.0,1.0
e5542704,1.0,1.0,0.0
e4814826,0.0,1.0,0.0
e5607554,1.0,1.0,1.0
e5375396,1.0,0.0,1.0
e4973246,1.0,0.0,0.0
e5541454,0.0,1.0,0.0
e5287570,0.0,1.0,0.0
e5607602,1.0,1.0,0.0
e5601828,1.0,1.0,1.0
e5192610,1.0,0.0,1.0
e5238528,0.0,1.0,0.0
e5608010,1.0,1.0,1.0
e5539556,0.0,0.0,1.0
e5539558,0.0,1.0,0.0
e5205248,0.0,1.0,0.0
e5606576,1.0,1.0,1.0
e5575142,1.0,0.0,1.0
e5540460,0.0,0.0,1.0
e5250512,0.0,1.0,0.0
e5589692,1.0,1.0,0.0
e743394,1.0,0.0,0.0
e4872410,1.0,0.0,0.0
e5599428,1.0,0.0,1.0
e5575106,1.0,1.0,1.0
e751588,0.0,0.0,0.0
e5193332,1.0,0.0,0.0
e5069972,0.0,1.0,0.0
e5591732,1.0,0.0,1.0
e5477542,0.0,1.0,0.0
e4933630,0.0,0.0,0.0
e5580228,1.0,1.0,1.0
e4777566,1.0,0.0,0.0
e5589308,1.0,0.0,1.0
e5439780,1.0,1.0,0.0
e5450668,1.0,1.0,0.0
e5206618,1.0,0.0,0.0
e5319100,0.0,1.0,0.0
e5591244,1.0,1.0,0.0
e5535678,1.0,1.0,1.0
e733304,0.0,0.0,0.0
e4688803,0.0,0.0,0.0
e5392132,1.0,0.0,1.0
e5240218,1.0,0.0,1.0
e5582366,0.0,1.0,1.0
e5218486,0.0,1.0,0.0
e5409120,0.0,0.0,1.0
e5545034,1.0,1.0,1.0
e5577140,1.0,1.0,1.0
e5193602,1.0,1.0,1.0
e5179838,0.0,1.0,1.0
e5587974,1.0,1.0,1.0
e5228538,1.0,0.0,0.0
e5606620,1.0,0.0,0.0
e5471070,1.0,1.0,0.0
e5197262,1.0,0.0,0.0
e5345436,1.0,0.0,1.0
e5358178,1.0,0.0,0.0
e733230,1.0,0.0,0.0
e5585730,1.0,1.0,1.0
e5149920,1.0,0.0,0.0
e699306,1.0,0.0,0.0
e5037904,1.0,0.0,0.0
e5259040,0.0,1.0,0.0
e5204982,1.0,0.0,0.0
e5589420,0.0,1.0,0.0
e5543328,1.0,1.0,1.0
e4734636,1.0,0.0,0.0
e5573332,1.0,0.0,1.0
e5582100,0.0,1.0,1.0
e5491812,0.0,1.0,1.0
e5229130,0.0,1.0,0.0
e5601354,1.0,1.0,1.0
e5184462,0.0,1.0,0.0
e5481168,1.0,0.0,1.0
e4645897,0.0,0.0,1.0
e5571930,1.0,0.0,1.0
e5218568,0.0,0.0,1.0
e5604888,1.0,1.0,1.0
e5096914,0.0,0.0,1.0
e701372,0.0,0.0,0.0
e696570,0.0,0.0,0.0
e5577374,1.0,1.0,1.0
e719032,0.0,0.0,1.0
e5520536,1.0,1.0,0.0
e5603572,1.0,1.0,1.0
e5578008,1.0,1.0,0.0
e5491840,0.0,1.0,1.0
e5426604,0.0,1.0,1.0
e5590934,0.0,1.0,0.0
e5594714,1.0,1.0,0.0
e5514136,1.0,0.0,1.0
e5453634,0.0,1.0,0.0
e5604202,1.0,1.0,1.0
e5571752,1.0,0.0,0.0
e5562462,1.0,1.0,1.0
e716144,0.0,0.0,1.0
e716146,1.0,0.0,0.0
e5152316,1.0,0.0,0.0
e5592880,1.0,1.0,1.0
e5586390,1.0,1.0,1.0
e5067536,0.0,0.0,1.0
e756454,0.0,0.0,0.0
e5123556,1.0,0.0,0.0
e5552972,1.0,0.0,0.0
e5590742,0.0,0.0,1.0
e5189508,1.0,0.0,0.0
e5211504,0.0,0.0,1.0
e5572232,1.0,0.0,1.0
e5541890,1.0,0.0,0.0
e5549058,0.0,0.0,1.0
e5237064,0.0,1.0,1.0
e5542150,0.0,1.0,0.0
e5196864,0.0,1.0,0.0
e5225646,0.0,1.0,0.0
e5520666,1.0,0.0,1.0
e5139466,1.0,0.0,1.0
e5152638,0.0,1.0,0.0
e5599860,1.0,0.0,1.0
e5216176,1.0,0.0,0.0
e5202338,1.0,0.0,1.0
e5140222,0.0,0.0,1.0
e5589174,1.0,0.0,0.0
e5296630,1.0,1.0,1.0
e5195758,1.0,0.0,0.0
e5214004,1.0,0.0,0.0
e5547830,1.0,1.0,0.0
e5522612,1.0,1.0,1.0
e720630,1.0,0.0,1.0
e5141158,0.0,1.0,0.0
e5607394,1.0,1.0,1.0
e5589522,1.0,0.0,0.0
e5580200,1.0,0.0,1.0
e5227770,1.0,0.0,0.0
e688998,0.0,0.0,0.0
e5596264,1.0,1.0,1.0
e5593180,1.0,0.0,0.0
e754792,0.0,1.0,1.0
e5445930,0.0,1.0,1.0
e750322,0.0,0.0,1.0
e5606138,1.0,1.0,1.0
e5378056,1.0,1.0,0.0
e5062222,0.0,1.0,0.0
e5082790,1.0,0.0,0.0
e5505140,1.0,1.0,0.0
e5606804,1.0,0.0,1.0
e5203046,1.0,0.0,0.0
e5205616,0.0,0.0,1.0
e5604034,1.0,1.0,1.0
e5514122,1.0,0.0,1.0
e4699458,0.0,0.0,0.0
e5074934,0.0,1.0,0.0
e5592308,1.0,1.0,1.0
e5537610,1.0,1.0,0.0
e5354634,0.0,0.0,1.0
e5287210,0.0,0.0,1.0
e5593336,0.0,1.0,0.0
e5590540,1.0,1.0,1.0
e5594582,1.0,0.0,1.0
e5607090,1.0,1.0,1.0
e5378578,1.0,0.0,1.0
e5603128,1.0,1.0,1.0
e5229306,0.0,1.0,0.0
e5449094,1.0,0.0,1.0
e5399188,0.0,0.0,1.0
e4825916,0.0,0.0,1.0
e5176172,0.0,1.0,0.0
e5393536,1.0,1.0,0.0
e5546248,0.0,1.0,0.0
e5606750,1.0,1.0,1.0
e5606386,1.0,1.0,1.0
e809070,0.0,0.0,0.0
e5235760,0.0,0.0,1.0
e5343724,1.0,0.0,1.0
e841122,0.0,0.0,0.0
e4651235,1.0,0.0,0.0
e864430,1.0,0.0,0.0
e864432,1.0,0.0,0.0
e805660,1.0,1.0,0.0
e790998,1.0,0.0,0.0
e5607992,1.0,1.0,1.0
e800284,0.0,0.0,1.0
e5223842,1.0,0.0,0.0
e5576518,0.0,1.0,1.0
e5604402,1.0,0.0,1.0
e5607362,1.0,1.0,1.0
e5577674,1.0,1.0,1.0
e5203588,0.0,1.0,0.0
e5504124,1.0,0.0,1.0
e5596272,1.0,1.0,1.0
e786128,1.0,1.0,0.0
e5543240,1.0,0.0,0.0
e5494460,1.0,0.0,1.0
e5259612,1.0,0.0,0.0
e5547578,0.0,1.0,0.0
e5593828,0.0,1.0,0.0
e5098416,0.0,0.0,1.0
e5184526,1.0,0.0,0.0
e5226470,1.0,0.0,0.0
e5588974,1.0,0.0,1.0
e5538520,0.0,0.0,1.0
e5586432,0.0,1.0,0.0
e5593472,1.0,1.0,0.0
e5538190,1.0,0.0,0.0
e5603974,1.0,1.0,1.0
e5206046,0.0,1.0,0.0
e5607566,1.0,1.0,1.0
e5603216,0.0,1.0,1.0
e5161994,1.0,0.0,0.0
e5598604,1.0,1.0,1.0
e828112,1.0,0.0,0.0
e5601950,1.0,1.0,0.0
e5599404,1.0,1.0,1.0
e4699242,0.0,0.0,0.0
e5224016,0.0,1.0,0.0
e5582138,1.0,0.0,1.0
e5518188,1.0,1.0,1.0
e5110580,1.0,0.0,0.0
e5145698,1.0,0.0,0.0
e5490238,1.0,0.0,1.0
e5545682,0.0,1.0,0.0
e5541496,0.0,1.0,0.0
e5388898,0.0,1.0,1.0
e5577890,1.0,1.0,1.0
e5197068,0.0,1.0,0.0
e5418622,1.0,0.0,1.0
e5595084,1.0,1.0,1.0
e5605542,1.0,1.0,1.0
e5229244,0.0,1.0,0.0
e5483818,0.0,0.0,1.0
e5057966,1.0,0.0,1.0
e4959002,0.0,0.0,1.0
e5514844,1.0,0.0,0.0
e5589802,1.0,0.0,0.0
e5589804,1.0,1.0,0.0
e5512970,1.0,1.0,0.0
e5607258,1.0,1.0,1.0
e5541404,0.0,0.0,1.0
e5608046,1.0,1.0,1.0
e5595158,1.0,1.0,0.0
e843772,1.0,1.0,0.0
e5133318,0.0,1.0,0.0
e5207884,0.0,0.0,1.0
e5479746,1.0,1.0,1.0
e5523646,0.0,1.0,1.0
e5607614,1.0,1.0,1.0
e5594710,0.0,1.0,0.0
e5179292,1.0,0.0,0.0
e5209202,1.0,0.0,0.0
e5371552,1.0,1.0,1.0
e5604910,1.0,1.0,1.0
e5095458,1.0,0.0,0.0
e5164080,1.0,0.0,0.0
e5231086,0.0,0.0,1.0
e831256,1.0,0.0,0.0
e5603346,1.0,1.0,1.0
e5537160,1.0,0.0,1.0
e5604458,1.0,1.0,1.0
e5250704,1.0,1.0,0.0
e5525040,1.0,1.0,0.0
e5607114,1.0,1.0,1.0
e5536290,0.0,1.0,0.0
e5549270,1.0,0.0,1.0
e5604390,1.0,1.0,1.0
e5541108,0.0,0.0,1.0
e5574994,1.0,1.0,0.0
e5150650,0.0,0.0,1.0
e5480060,1.0,1.0,0.0
e5533514,0.0,0.0,1.0
e5314142,1.0,0.0,1.0
e5543820,0.0,1.0,0.0
e5607746,1.0,1.0,0.0
e5142038,1.0,0.0,0.0
e5377550,0.0,1.0,1.0
e5576432,1.0,1.0,1.0
e5425180,1.0,0.0,1.0
e5454140,1.0,1.0,1.0
e5575728,1.0,0.0,1.0
e5402530,1.0,0.0,1.0
e5592952,0.0,1.0,0.0
e5589870,0.0,0.0,1.0
e5595090,1.0,0.0,0.0
e832228,1.0,0.0,0.0
e5493674,1.0,1.0,0.0
e5590244,0.0,1.0,0.0
e5590246,0.0,0.0,1.0
e5580576,0.0,1.0,1.0
e5575122,1.0,1.0,1.0
e5152936,0.0,1.0,0.0
e856806,0.0,0.0,1.0
e5575816,1.0,1.0,0.0
e5538380,1.0,1.0,1.0
e842334,1.0,0.0,0.0
e842336,0.0,1.0,0.0
e5123806,0.0,1.0,0.0
e5213290,1.0,0.0,0.0
e5594108,0.0,1.0,0.0
e5595586,1.0,0.0,1.0
e5543686,1.0,1.0,0.0
e4947960,1.0,0.0,0.0
e5005528,0.0,1.0,0.0
e5581166,1.0,0.0,1.0
e5510394,1.0,1.0,1.0
e5498578,1.0,1.0,1.0
e834618,0.0,1.0,0.0
e834620,1.0,0.0,1.0
e5050374,1.0,1.0,0.0
e5203788,0.0,1.0,0.0
e5605844,1.0,1.0,1.0
e5606864,1.0,1.0,1.0
e858982,1.0,0.0,0.0
e5432330,1.0,0.0,1.0
e5236818,0.0,0.0,1.0
e5589592,0.0,1.0,1.0
e5474268,1.0,1.0,1.0
e5587938,1.0,1.0,1.0
e5592516,1.0,0.0,1.0
e5198630,0.0,1.0,0.0
e5529908,1.0,0.0,1.0
e5373628,1.0,1.0,1.0
e5604928,1.0,1.0,1.0
e5189682,0.0,1.0,0.0
e5542116,1.0,0.0,0.0
e5542118,0.0,0.0,1.0
e5359004,1.0,0.0,1.0
e5593340,0.0,1.0,0.0
e5593328,1.0,1.0,1.0
e5504974,0.0,1.0,0.0
e5291420,0.0,1.0,0.0
e5546404,1.0,0.0,1.0
e5591192,0.0,1.0,0.0
e5580364,1.0,1.0,1.0
e5195036,0.0,1.0,0.0
e5408544,1.0,0.0,1.0
e5540150,1.0,0.0,0.0
e5583330,1.0,1.0,1.0
e824028,1.0,0.0,0.0
e5603104,1.0,1.0,1.0
e5534958,0.0,1.0,0.0
e5602756,1.0,0.0,1.0
e5338412,1.0,0.0,1.0
e4993164,1.0,0.0,1.0
e4905774,1.0,0.0,1.0
e846872,1.0,0.0,0.0
e861448,1.0,0.0,0.0
e5192556,0.0,1.0,0.0
e5590432,1.0,0.0,1.0
e5595006,0.0,1.0,0.0
e5222414,0.0,0.0,1.0
e5589114,1.0,0.0,0.0
e5543280,0.0,0.0,1.0
e829632,0.0,0.0,0.0
e5483820,0.0,1.0,1.0
e5604692,1.0,1.0,0.0
e5217036,0.0,1.0,0.0
e5151888,0.0,0.0,1.0
e5422398,1.0,0.0,0.0
e5590278,1.0,1.0,0.0
e5347922,1.0,0.0,0.0
e5062384,0.0,0.0,1.0
e776946,0.0,0.0,0.0
e5484230,1.0,1.0,0.0
e5590272,0.0,1.0,0.0
e5542314,0.0,1.0,0.0
e5602994,1.0,1.0,1.0
e5546024,0.0,1.0,0.0
e5390538,1.0,0.0,1.0
e5549068,0.0,0.0,1.0
e5576412,0.0,0.0,1.0
e5547364,0.0,1.0,0.0
e5587532,1.0,1.0,0.0
e5009622,1.0,0.0,0.0
e5592728,0.0,1.0,0.0
e5138724,0.0,1.0,0.0
e5512450,1.0,0.0,1.0
e5604238,1.0,1.0,1.0
e858356,1.0,0.0,0.0
e5222696,0.0,1.0,0.0
e863838,1.0,0.0,0.0
e5520544,1.0,1.0,0.0
e5590478,0.0,1.0,0.0
e5603436,1.0,0.0,1.0
e5226888,0.0,1.0,0.0
e5584836,1.0,0.0,1.0
e5599112,1.0,1.0,1.0
e5205580,1.0,0.0,0.0
e5541488,0.0,0.0,1.0
e5432786,0.0,1.0,0.0
e5590114,1.0,0.0,1.0
e783820,1.0,1.0,0.0
e5606286,1.0,1.0,0.0
e5198738,0.0,1.0,0.0
e5279122,0.0,1.0,0.0
e5588796,1.0,1.0,1.0
e5529990,1.0,0.0,1.0
e4823474,1.0,0.0,0.0
e5291314,0.0,1.0,0.0
e957132,1.0,0.0,0.0
e5544724,0.0,1.0,0.0
e5586912,1.0,0.0,1.0
e4710836,1.0,0.0,0.0
e4824218,0.0,0.0,0.0
e902326,1.0,0.0,1.0
e5185018,0.0,1.0,0.0
e5534442,0.0,0.0,1.0
e5238602,0.0,1.0,0.0
e5200940,0.0,1.0,0.0
e913366,1.0,0.0,0.0
e5539776,1.0,1.0,0.0
e5589700,1.0,0.0,0.0
e5607132,1.0,1.0,1.0
e5546202,0.0,1.0,0.0
e5599836,1.0,0.0,1.0
e943910,0.0,0.0,0.0
e5600346,1.0,1.0,1.0
e5597076,1.0,1.0,1.0
e5606032,0.0,0.0,1.0
e4956516,0.0,0.0,0.0
e5600662,1.0,0.0,0.0
e5606118,1.0,1.0,0.0
e5574016,1.0,1.0,1.0
e5213166,1.0,0.0,1.0
e5594342,0.0,1.0,0.0
e5371544,1.0,0.0,1.0
e5489286,1.0,1.0,0.0
e5122032,1.0,0.0,0.0
e5583436,1.0,1.0,1.0
e5540524,0.0,1.0,0.0
e5573832,1.0,0.0,1.0
e5304750,0.0,1.0,0.0
e5100104,1.0,0.0,0.0
e5485764,0.0,1.0,1.0
e5226266,1.0,1.0,0.0
e5537838,0.0,1.0,0.0
e5603316,1.0,0.0,1.0
e5602110,1.0,1.0,1.0
e5537386,1.0,0.0,1.0
e5331006,1.0,0.0,0.0
e936446,0.0,1.0,0.0
e5607234,1.0,1.0,1.0
e5201594,0.0,0.0,1.0
e5123372,1.0,1.0,0.0
e5527320,1.0,1.0,1.0
e5536228,1.0,0.0,1.0
e5605308,1.0,1.0,1.0
e5435576,1.0,1.0,1.0
e5230276,0.0,0.0,1.0
e5604880,1.0,1.0,0.0
e5599120,1.0,1.0,1.0
e5047786,0.0,0.0,1.0
e5286806,0.0,1.0,0.0
e5126938,1.0,0.0,0.0
e5375566,1.0,1.0,1.0
e5537650,1.0,0.0,0.0
e5606562,1.0,0.0,0.0
e5537606,1.0,1.0,0.0
e5345554,1.0,0.0,1.0
e5606606,1.0,1.0,1.0
e5498392,0.0,1.0,0.0
e5603830,0.0,1.0,1.0
e884642,0.0,1.0,1.0
e5543586,0.0,1.0,0.0
e5548952,1.0,0.0,1.0
e5491798,1.0,0.0,1.0
e5607328,1.0,1.0,0.0
e5385152,0.0,1.0,0.0
e5545618,1.0,1.0,1.0
e5591358,1.0,0.0,1.0
e5595730,0.0,1.0,0.0
e5591166,1.0,1.0,1.0
e5600770,1.0,0.0,1.0
e5092050,1.0,0.0,0.0
e922098,1.0,1.0,0.0
e5234904,1.0,0.0,0.0
e5565248,1.0,1.0,1.0
e5533432,0.0,1.0,0.0
e5575138,1.0,1.0,1.0
e5112342,0.0,1.0,0.0
e5607796,1.0,1.0,1.0
e5539160,0.0,0.0,1.0
e5583852,1.0,1.0,0.0
e5601962,1.0,1.0,1.0
e874818,0.0,0.0,0.0
e5589250,1.0,0.0,1.0
e4781760,1.0,0.0,0.0
e5498764,1.0,1.0,1.0
e5590420,1.0,1.0,0.0
e5594862,1.0,1.0,0.0
e922428,1.0,1.0,1.0
e4979258,1.0,0.0,0.0
e5604422,1.0,1.0,1.0
e5602368,1.0,1.0,1.0
e5599744,1.0,1.0,1.0
e5058706,1.0,0.0,0.0
e5426606,0.0,1.0,1.0
e5202160,1.0,0.0,0.0
e5493804,1.0,1.0,0.0
e5508922,1.0,1.0,1.0
e5604882,1.0,1.0,1.0
e4985692,0.0,0.0,0.0
e5602434,1.0,1.0,1.0
e5390216,1.0,0.0,1.0
e5547796,0.0,1.0,0.0
e5542678,1.0,0.0,0.0
e5476490,1.0,0.0,1.0
e5607164,1.0,1.0,1.0
e5240476,1.0,0.0,0.0
e5417832,0.0,1.0,1.0
e5607388,0.0,1.0,1.0
e902088,0.0,1.0,1.0
e5607438,1.0,1.0,1.0
e5594220,1.0,1.0,1.0
e5442854,0.0,1.0,1.0
e5229494,0.0,0.0,1.0
e5592896,0.0,1.0,0.0
e5584012,0.0,1.0,1.0
e5589520,1.0,0.0,0.0
e5547076,0.0,1.0,0.0
e5354698,1.0,1.0,0.0
e5600596,1.0,1.0,1.0
e5215984,0.0,0.0,1.0
e5343482,0.0,1.0,0.0
e5604766,1.0,1.0,1.0
e5467456,1.0,0.0,1.0
e5203760,0.0,0.0,1.0
e5594134,0.0,1.0,0.0
e5603672,1.0,0.0,1.0
e5121066,1.0,0.0,1.0
e5558822,1.0,0.0,1.0
e5224862,0.0,1.0,0.0
e5595832,0.0,1.0,0.0
e5507416,1.0,0.0,1.0
e5605310,1.0,1.0,1.0
e5591588,1.0,1.0,0.0
e5549138,1.0,1.0,1.0
e937036,1.0,1.0,0.0
e937040,1.0,1.0,0.0
e5601462,1.0,1.0,1.0
e5206088,0.0,1.0,0.0
e5444500,1.0,0.0,1.0
e5172432,0.0,1.0,0.0
e5547974,1.0,0.0,0.0
e5572296,1.0,1.0,1.0
e5372284,1.0,0.0,1.0
e5586318,1.0,1.0,1.0
e5600776,1.0,0.0,1.0
e4650305,1.0,0.0,0.0
e5488362,1.0,1.0,1.0
e5591492,1.0,1.0,0.0
e5587174,1.0,1.0,1.0
e5586892,1.0,1.0,1.0
e5542442,1.0,0.0,1.0
e5543730,1.0,0.0,1.0
e5592346,1.0,1.0,1.0
e5259900,1.0,0.0,1.0
e4851222,1.0,0.0,0.0
e5576248,1.0,0.0,1.0
e5601584,1.0,1.0,1.0
e5588222,1.0,0.0,1.0
e955420,0.0,0.0,0.0
e944790,1.0,1.0,0.0
e5407086,1.0,0.0,1.0
e5588016,1.0,1.0,1.0
e5454620,1.0,0.0,1.0
e5581414,1.0,1.0,1.0
e925670,1.0,0.0,0.0
e5608034,1.0,1.0,1.0
e5603896,1.0,1.0,1.0
e5226774,0.0,1.0,0.0
e5183124,1.0,0.0,1.0
e5592548,0.0,0.0,1.0
e4695988,1.0,0.0,0.0
e5583156,1.0,0.0,1.0
e5605426,1.0,1.0,1.0
e881966,0.0,0.0,0.0
e5574208,0.0,1.0,1.0
e5538310,0.0,1.0,0.0
e5600790,1.0,1.0,1.0
e5506686,0.0,1.0,0.0
e5512348,1.0,1.0,1.0
e5202180,1.0,0.0,0.0
e5208402,1.0,1.0,0.0
e5577782,1.0,0.0,1.0
e5223938,1.0,0.0,0.0
e924810,1.0,0.0,0.0
e4936046,1.0,0.0,1.0
e5543052,1.0,1.0,1.0
e5224060,0.0,1.0,0.0
e5220884,1.0,0.0,0.0
e5235952,0.0,0.0,1.0
e5578982,1.0,1.0,0.0
e5507410,1.0,0.0,1.0
e5589262,1.0,1.0,1.0
e5580486,1.0,0.0,1.0
e5601956,1.0,1.0,1.0
e5156724,0.0,0.0,1.0
e5607594,1.0,1.0,0.0
e5222160,1.0,0.0,0.0
e5086074,1.0,0.0,0.0
e5225670,1.0,0.0,1.0
e5605958,0.0,1.0,0.0
e5601968,1.0,1.0,1.0
e5073506,1.0,1.0,0.0
e5368240,1.0,0.0,1.0
e5383126,1.0,1.0,1.0
e5606574,0.0,1.0,0.0
e886464,1.0,1.0,0.0
e5598860,0.0,0.0,1.0
e5585346,1.0,1.0,1.0
e5226844,0.0,1.0,0.0
e5580754,1.0,0.0,1.0
e5128520,1.0,0.0,1.0
e874534,0.0,1.0,0.0
e5047618,0.0,1.0,0.0
e5467704,1.0,1.0,1.0
e5545966,1.0,0.0,0.0
e5539598,0.0,1.0,0.0
e5400108,0.0,0.0,1.0
e920426,1.0,0.0,1.0
e5603666,0.0,1.0,1.0
e5522980,1.0,0.0,1.0
e5607264,1.0,1.0,1.0
e5211440,0.0,1.0,0.0
e5244790,0.0,0.0,1.0
e5592732,1.0,1.0,0.0
e876098,0.0,1.0,1.0
e5214538,0.0,0.0,1.0
e5510382,1.0,1.0,0.0
e5607668,1.0,1.0,1.0
e5571516,1.0,0.0,1.0
e4692214,0.0,0.0,0.0
e5603116,1.0,1.0,1.0
e5607358,1.0,1.0,1.0
e5220438,1.0,0.0,0.0
e5541878,0.0,0.0,1.0
e5536862,1.0,1.0,0.0
e5574654,1.0,1.0,1.0
e5593008,1.0,0.0,1.0
e4691819,0.0,0.0,0.0
e4862632,1.0,0.0,0.0
e5336686,1.0,0.0,1.0
e5602676,1.0,1.0,1.0
e5457040,1.0,0.0,1.0
e5588504,1.0,0.0,1.0
e5518410,1.0,1.0,1.0
e5534744,1.0,0.0,1.0
e5546908,0.0,1.0,0.0
e5584802,1.0,0.0,1.0
e5282754,1.0,0.0,0.0
e5604838,1.0,1.0,1.0
e1029092,1.0,0.0,0.0
e5595298,1.0,0.0,0.0
e5356898,1.0,0.0,1.0
e5508012,1.0,1.0,1.0
e5426612,1.0,0.0,1.0
e5212724,0.0,0.0,1.0
e5579930,1.0,1.0,0.0
e5536142,1.0,0.0,0.0
e5590558,0.0,1.0,0.0
e5595130,1.0,1.0,0.0
e5279898,1.0,1.0,0.0
e5015210,0.0,1.0,0.0
e5482840,1.0,0.0,1.0
e5594444,0.0,0.0,1.0
e5604522,1.0,1.0,1.0
e5495856,1.0,0.0,1.0
e5560456,0.0,1.0,0.0
e5228038,0.0,1.0,0.0
e5606392,1.0,1.0,1.0
e5390546,0.0,0.0,1.0
e5263862,1.0,0.0,0.0
e5606840,0.0,0.0,1.0
e5488792,1.0,0.0,1.0
e5166640,0.0,0.0,0.0
e5224262,1.0,0.0,0.0
e5518472,1.0,1.0,1.0
e5495482,1.0,1.0,1.0
e5604704,1.0,1.0,0.0
e4871022,1.0,1.0,0.0
e5200888,1.0,0.0,0.0
e5208868,0.0,1.0,0.0
e5529252,1.0,1.0,1.0
e5145506,0.0,1.0,1.0
e5591034,1.0,0.0,1.0
e5591036,0.0,1.0,0.0
e5054028,1.0,0.0,1.0
e5229042,1.0,0.0,0.0
e5522364,0.0,0.0,1.0
e5208046,1.0,0.0,0.0
e5595644,0.0,1.0,0.0
e989006,0.0,0.0,0.0
e968170,1.0,1.0,1.0
e5220886,0.0,1.0,0.0
e5604052,1.0,1.0,1.0
e5536070,0.0,1.0,0.0
e5605356,0.0,1.0,1.0
e5163040,0.0,1.0,0.0
e5581876,1.0,1.0,1.0
e5427788,1.0,0.0,1.0
e5185786,0.0,0.0,1.0
e5211048,1.0,1.0,0.0
e5318688,1.0,1.0,0.0
e990714,1.0,0.0,0.0
e5228390,1.0,0.0,0.0
e5588436,1.0,1.0,0.0
e5460222,1.0,1.0,1.0
e5576658,1.0,0.0,1.0
e5217946,1.0,0.0,0.0
e5606022,0.0,0.0,1.0
e5544102,1.0,0.0,1.0
e5547110,0.0,1.0,0.0
e4706314,0.0,0.0,0.0
e1057246,0.0,1.0,0.0
e5095774,1.0,0.0,0.0
e5319120,1.0,1.0,0.0
e1004694,0.0,0.0,0.0
e4969416,1.0,0.0,0.0
e964990,1.0,0.0,0.0
e5119260,1.0,0.0,1.0
e5583582,1.0,1.0,1.0
e5500784,1.0,0.0,1.0
e5208198,0.0,1.0,0.0
e5230624,1.0,0.0,0.0
e5582220,1.0,0.0,1.0
e5202098,1.0,0.0,0.0
e5220716,0.0,0.0,1.0
e5579284,0.0,1.0,1.0
e5589986,1.0,0.0,0.0
e5582332,1.0,1.0,1.0
e5518172,1.0,0.0,1.0
e5577176,1.0,1.0,1.0
e5592122,1.0,0.0,0.0
e5290974,0.0,1.0,0.0
e5591846,1.0,0.0,0.0
e5491474,1.0,1.0,1.0
e5223000,0.0,1.0,0.0
e5596552,1.0,1.0,1.0
e1032224,0.0,0.0,0.0
e5295056,1.0,1.0,1.0
e5578356,1.0,1.0,1.0
e5214524,0.0,1.0,0.0
e963144,0.0,0.0,0.0
e5606802,1.0,1.0,1.0
e5585286,1.0,1.0,1.0
e5566040,1.0,1.0,1.0
e5558814,1.0,0.0,1.0
e5378714,1.0,0.0,1.0
e5593026,0.0,1.0,1.0
e5545246,0.0,1.0,0.0
e5470706,1.0,1.0,0.0
e5594838,1.0,1.0,1.0
e5569532,1.0,1.0,1.0
e4936930,1.0,0.0,0.0
e5600796,1.0,1.0,1.0
e5593364,1.0,0.0,1.0
e5594074,0.0,1.0,0.0
e5541626,0.0,0.0,1.0
e5206672,0.0,1.0,0.0
e5600272,1.0,1.0,1.0
e5541698,1.0,0.0,1.0
e5548538,0.0,1.0,0.0
e5533916,1.0,1.0,0.0
e5546972,1.0,0.0,0.0
e5587058,1.0,1.0,0.0
e5569224,1.0,1.0,0.0
e5026924,1.0,0.0,0.0
e5607240,1.0,1.0,1.0
e5606418,1.0,1.0,0.0
e986752,1.0,1.0,0.0
e5593640,1.0,0.0,1.0
e5541492,1.0,0.0,0.0
e1030350,0.0,0.0,0.0
e5592426,0.0,1.0,0.0
e5581168,1.0,1.0,1.0
e5407030,1.0,0.0,1.0
e5541126,0.0,0.0,1.0
e5547496,0.0,1.0,0.0
e5559596,1.0,0.0,1.0
e5600620,1.0,1.0,1.0
e5604800,1.0,1.0,1.0
e4632017,0.0,0.0,0.0
e5492442,1.0,0.0,1.0
e5477730,1.0,1.0,1.0
e5201150,1.0,0.0,0.0
e5594556,0.0,1.0,0.0
e5604706,1.0,1.0,1.0
e5085710,1.0,0.0,0.0
e1030836,1.0,0.0,0.0
e5409676,0.0,1.0,1.0
e5513598,0.0,1.0,1.0
e5542214,0.0,1.0,1.0
e1011618,1.0,0.0,0.0
e1011620,1.0,0.0,0.0
e5594040,1.0,0.0,0.0
e5588962,1.0,0.0,0.0
e5442856,0.0,0.0,1.0
e5536518,0.0,0.0,1.0
e5343986,0.0,0.0,1.0
e4896150,1.0,0.0,0.0
e5019060,0.0,0.0,1.0
e5582320,0.0,1.0,1.0
e5585246,1.0,1.0,1.0
e5075298,1.0,0.0,0.0
e983042,0.0,0.0,0.0
e981572,0.0,0.0,0.0
e5543510,0.0,1.0,0.0
e5546362,0.0,0.0,1.0
e5072540,1.0,0.0,0.0
e5229452,0.0,0.0,1.0
e5239854,1.0,0.0,0.0
e5544658,0.0,0.0,1.0
e974684,1.0,0.0,0.0
e5605732,1.0,1.0,1.0
e1007216,1.0,0.0,0.0
e5603718,1.0,1.0,0.0
e5591434,0.0,1.0,0.0
e5595700,1.0,0.0,1.0
e5536934,1.0,0.0,0.0
e5600982,0.0,1.0,1.0
e5588906,0.0,1.0,0.0
e5542746,0.0,1.0,0.0
e5355348,1.0,0.0,1.0
e5191826,0.0,0.0,1.0
e5137334,0.0,0.0,1.0
e5412686,1.0,0.0,1.0
e5593908,0.0,0.0,1.0
e5595268,0.0,1.0,0.0
e5186044,0.0,0.0,1.0
e5207478,0.0,1.0,0.0
e5575556,1.0,1.0,1.0
e5606380,1.0,1.0,1.0
e5119242,0.0,1.0,0.0
e5598680,1.0,0.0,1.0
e5604564,1.0,1.0,1.0
e5535124,0.0,0.0,1.0
e4621604,0.0,0.0,0.0
e5218992,1.0,0.0,0.0
e5194346,1.0,0.0,0.0
e4830776,1.0,0.0,0.0
e5216594,0.0,0.0,1.0
e5594572,0.0,1.0,0.0
e5016174,0.0,1.0,0.0
e5571816,1.0,0.0,0.0
e5589540,1.0,0.0,0.0
e5459366,1.0,0.0,1.0
e5604488,1.0,1.0,1.0
e5322648,1.0,0.0,0.0
e5574206,0.0,1.0,1.0
e5603794,1.0,1.0,1.0
e5186818,0.0,1.0,0.0
e5488786,1.0,0.0,1.0
e5336342,0.0,0.0,1.0
e5592862,0.0,0.0,1.0
e5595556,0.0,0.0,1.0
e5534774,0.0,0.0,1.0
e4783178,1.0,0.0,1.0
e5604582,1.0,1.0,1.0
e5546030,0.0,1.0,0.0
e5603032,1.0,1.0,1.0
e986838,0.0,0.0,0.0
e4700954,0.0,0.0,0.0
e5604754,1.0,1.0,1.0
e5539798,0.0,0.0,1.0
e5580258,1.0,1.0,0.0
e1014674,1.0,0.0,0.0
e5165666,0.0,0.0,1.0
e5536848,0.0,0.0,1.0
e5147082,0.0,0.0,1.0
e5376546,1.0,1.0,0.0
e966484,1.0,0.0,0.0
e4876780,1.0,0.0,0.0
e5536946,0.0,1.0,0.0
e5577456,1.0,0.0,1.0
e5595272,0.0,1.0,0.0
e5550058,0.0,1.0,0.0
e1005690,1.0,0.0,0.0
e4878342,0.0,0.0,0.0
e5207058,0.0,0.0,1.0
e5576414,0.0,0.0,1.0
e5287186,1.0,1.0,0.0
e5553932,1.0,1.0,1.0
e5229240,0.0,1.0,0.0
e5574922,1.0,1.0,1.0
e5589612,1.0,0.0,1.0
e5527770,1.0,1.0,1.0
e1048444,1.0,0.0,0.0
e1048446,1.0,0.0,0.0
e5597978,1.0,1.0,1.0
e5598706,1.0,1.0,1.0
e5448584,1.0,0.0,1.0
e5198932,0.0,0.0,1.0
e1047226,0.0,0.0,1.0
e5250490,0.0,1.0,0.0
e5589092,0.0,1.0,1.0
e5438608,1.0,1.0,0.0
e5591860,0.0,1.0,0.0
e5221030,0.0,1.0,0.0
e5223272,0.0,0.0,1.0
e5603960,1.0,1.0,1.0
e4808796,0.0,1.0,0.0
e5606220,0.0,1.0,0.0
e1116336,1.0,1.0,0.0
e5563548,1.0,1.0,1.0
e5607314,0.0,1.0,1.0
e5413412,1.0,1.0,0.0
e5449312,0.0,0.0,1.0
e5605602,1.0,1.0,1.0
e5605076,1.0,1.0,1.0
e5478124,1.0,0.0,0.0
e5455658,0.0,0.0,1.0
e5571344,1.0,1.0,1.0
e5246682,1.0,0.0,0.0
e5400584,1.0,1.0,0.0
e5533024,1.0,1.0,1.0
e1135644,1.0,0.0,0.0
e4984570,1.0,0.0,0.0
e4968340,1.0,0.0,0.0
e5534544,1.0,0.0,0.0
e5586574,1.0,1.0,1.0
e5221640,0.0,1.0,0.0
e5532212,1.0,0.0,1.0
e5214794,0.0,1.0,1.0
e5588458,1.0,1.0,1.0
e5523644,0.0,0.0,1.0
e5604116,1.0,1.0,1.0
e5190672,0.0,0.0,1.0
e5594704,0.0,1.0,0.0
e5580316,0.0,1.0,1.0
e5546526,0.0,1.0,0.0
e5607042,1.0,1.0,1.0
e5046762,0.0,1.0,0.0
e5505220,1.0,0.0,1.0
e5503240,1.0,1.0,1.0
e5537094,0.0,1.0,0.0
e5537498,1.0,0.0,1.0
e5208764,1.0,0.0,0.0
e5223054,0.0,0.0,1.0
e5291640,1.0,1.0,1.0
e1077116,1.0,1.0,0.0
e1080796,0.0,0.0,0.0
e5316024,1.0,0.0,0.0
e5580296,0.0,1.0,0.0
e5131070,1.0,0.0,0.0
e5518974,1.0,1.0,1.0
e5587658,1.0,1.0,0.0
e5592542,0.0,1.0,0.0
e4699448,0.0,0.0,0.0
e5607968,1.0,1.0,1.0
e5210374,0.0,1.0,0.0
e5552036,1.0,0.0,1.0
e5149260,1.0,0.0,0.0
e5591032,0.0,1.0,0.0
e5171244,0.0,0.0,1.0
e4695274,0.0,0.0,0.0
e1063668,0.0,0.0,0.0
e5083992,1.0,0.0,0.0
e5533362,0.0,1.0,0.0
e5220480,0.0,1.0,0.0
e4820444,1.0,0.0,1.0
e1093056,0.0,0.0,1.0
e1093058,1.0,1.0,0.0
e5504070,1.0,0.0,1.0
e5026814,1.0,0.0,0.0
e5375570,1.0,1.0,1.0
e1110030,1.0,1.0,1.0
e5589770,1.0,1.0,0.0
e5366830,0.0,1.0,0.0
e1116028,0.0,1.0,0.0
e5139908,0.0,1.0,0.0
e5225406,0.0,1.0,0.0
e5161862,0.0,0.0,1.0
e5589736,0.0,0.0,1.0
e5604158,1.0,0.0,1.0
e5590306,1.0,0.0,0.0
e5595224,0.0,1.0,1.0
e5591824,1.0,1.0,1.0
e4970476,1.0,0.0,0.0
e5536074,1.0,0.0,1.0
e5608048,1.0,1.0,0.0
e5495944,1.0,0.0,1.0
e5198952,0.0,1.0,0.0
e5542502,1.0,1.0,1.0
e5226032,0.0,1.0,0.0
e5450024,1.0,0.0,1.0
e5595310,0.0,1.0,0.0
e5590788,0.0,1.0,0.0
e5591912,0.0,1.0,0.0
e5553894,1.0,1.0,0.0
e5223738,0.0,1.0,0.0
e5363886,1.0,1.0,0.0
e5545178,1.0,0.0,0.0
e5606764,1.0,1.0,1.0
e5606120,1.0,1.0,1.0
e5583322,1.0,1.0,1.0
e5577090,1.0,0.0,1.0
e5549208,1.0,0.0,0.0
e4787658,0.0,1.0,1.0
e5597716,1.0,1.0,1.0
e5605930,1.0,1.0,0.0
e5419506,0.0,1.0,1.0
e5539754,0.0,0.0,1.0
e5548762,0.0,1.0,0.0
e1133854,0.0,0.0,1.0
e5589818,0.0,1.0,0.0
e5589820,1.0,0.0,1.0
e5518340,1.0,0.0,1.0
e5591804,1.0,0.0,0.0
e5599854,0.0,1.0,1.0
e5218828,0.0,0.0,1.0
e1101978,1.0,0.0,0.0
e5264510,0.0,1.0,0.0
e5543706,0.0,1.0,0.0
e5548600,0.0,0.0,1.0
e5547288,0.0,1.0,0.0
e5572892,1.0,0.0,1.0
e5606530,1.0,1.0,1.0
e5604276,1.0,1.0,1.0
e5519188,1.0,0.0,1.0
e5606384,1.0,1.0,1.0
e1085664,0.0,0.0,0.0
e5587150,1.0,1.0,1.0
e5594216,0.0,1.0,0.0
e5595756,1.0,0.0,1.0
e5324458,1.0,0.0,0.0
e5601514,0.0,1.0,1.0
e5504312,1.0,0.0,1.0
e5595716,0.0,1.0,0.0
e5224760,0.0,1.0,0.0
e5590738,1.0,0.0,0.0
e5594674,0.0,0.0,1.0
e5574084,0.0,1.0,1.0
e5345120,1.0,0.0,0.0
e5543748,0.0,1.0,0.0
e5289398,0.0,0.0,1.0
e5544410,1.0,1.0,0.0
e5587182,1.0,1.0,1.0
e5599672,1.0,0.0,1.0
e5606514,1.0,1.0,1.0
e5591424,0.0,1.0,0.0
e5599346,1.0,1.0,1.0
e5259724,0.0,1.0,0.0
e5602794,1.0,1.0,1.0
e5546176,1.0,1.0,0.0
e5547918,1.0,1.0,1.0
e5511706,1.0,1.0,1.0
e5200412,0.0,1.0,0.0
e5603322,1.0,1.0,1.0
e5408386,1.0,1.0,0.0
e5074432,0.0,1.0,0.0
e5536546,1.0,1.0,1.0
e1150424,1.0,0.0,0.0
e5533718,1.0,0.0,0.0
e5535164,1.0,0.0,0.0
e5605650,0.0,1.0,0.0
e5542902,1.0,1.0,1.0
e5591540,1.0,0.0,1.0
e5375884,1.0,0.0,1.0
e5466008,0.0,1.0,1.0
e5324476,0.0,0.0,1.0
e5214786,1.0,0.0,0.0
e5540728,0.0,1.0,0.0
e5547398,1.0,0.0,0.0
e4841100,1.0,0.0,0.0
e5602922,1.0,1.0,1.0
e5576972,0.0,1.0,1.0
e5590138,1.0,0.0,0.0
e5607886,1.0,1.0,1.0
e5537216,1.0,0.0,1.0
e5193170,1.0,0.0,0.0
e5599312,0.0,0.0,1.0
e5573812,1.0,1.0,1.0
e5420212,1.0,1.0,0.0
e5536108,0.0,0.0,1.0
e5589476,1.0,0.0,0.0
e5593720,0.0,1.0,0.0
e5409442,0.0,0.0,1.0
e5159834,0.0,1.0,1.0
e5221608,1.0,0.0,0.0
e5536528,1.0,1.0,1.0
e5583524,1.0,1.0,1.0
e5579216,1.0,1.0,1.0
e5242576,0.0,1.0,0.0
e5594676,0.0,1.0,0.0
e5590708,0.0,1.0,0.0
e5599802,1.0,0.0,1.0
e1131550,0.0,0.0,0.0
e5393780,1.0,0.0,1.0
e5228406,0.0,0.0,1.0
e5487210,0.0,1.0,1.0
e5199598,0.0,1.0,0.0
e5576720,1.0,0.0,1.0
e5548054,0.0,1.0,0.0
e5592286,1.0,0.0,1.0
e5547764,1.0,1.0,0.0
e5256062,1.0,0.0,0.0
e4691691,0.0,0.0,0.0
e5413756,1.0,1.0,1.0
e5535898,1.0,0.0,1.0
e5546634,0.0,1.0,0.0
e5542750,0.0,1.0,0.0
e5559598,0.0,0.0,1.0
e4874958,1.0,0.0,0.0
e5537962,1.0,1.0,0.0
e5212980,0.0,0.0,1.0
e5381490,0.0,1.0,0.0
e5221892,0.0,0.0,1.0
e5541742,1.0,0.0,0.0
e5607686,1.0,1.0,1.0
e5493024,1.0,0.0,1.0
e5543220,0.0,1.0,0.0
e5215542,0.0,1.0,0.0
e5606862,1.0,1.0,1.0
e5594968,1.0,0.0,1.0
e5599162,1.0,1.0,1.0
e5515450,1.0,1.0,0.0
e5478216,1.0,1.0,1.0
e1089756,1.0,0.0,1.0
e5584124,1.0,1.0,0.0
e5377184,1.0,0.0,1.0
e5537622,0.0,0.0,1.0
e5598778,1.0,1.0,1.0
e1110074,1.0,1.0,0.0
e5106586,1.0,0.0,0.0
e5425488,0.0,1.0,1.0
e5607728,0.0,1.0,1.0
e5543568,1.0,1.0,1.0
e5555874,1.0,1.0,1.0
e5181986,0.0,1.0,0.0
e5471042,1.0,0.0,1.0
e5244528,0.0,1.0,0.0
e5581846,1.0,0.0,1.0
e5606050,1.0,1.0,1.0
e1076706,1.0,0.0,0.0
e1076708,0.0,1.0,0.0
e5605568,1.0,1.0,1.0
e1150706,1.0,0.0,0.0
e5598996,1.0,1.0,1.0
e5605540,1.0,1.0,1.0
e5375390,1.0,0.0,1.0
e5017174,1.0,1.0,1.0
e5587012,1.0,0.0,0.0
e1131072,0.0,0.0,0.0
e5011392,0.0,0.0,1.0
e4993418,1.0,0.0,0.0
e1088300,1.0,0.0,0.0
e4833792,1.0,0.0,0.0
e5604464,0.0,1.0,1.0
e5535846,0.0,0.0,1.0
e5546826,0.0,1.0,0.0
e5217986,0.0,0.0,1.0
e5496278,1.0,0.0,1.0
e5602976,1.0,1.0,1.0
e5040370,1.0,0.0,0.0
e5209698,0.0,1.0,0.0
e5538218,1.0,0.0,1.0
e5607530,1.0,1.0,1.0
e1074006,0.0,0.0,0.0
e5390416,1.0,1.0,1.0
e5573872,1.0,0.0,1.0
e5584074,1.0,1.0,1.0
e5604502,1.0,1.0,1.0
e4865236,0.0,0.0,1.0
e5202144,1.0,0.0,0.0
e5218524,0.0,0.0,1.0
e5117298,1.0,1.0,1.0
e4891934,1.0,1.0,0.0
e5537190,0.0,1.0,0.0
e5585640,1.0,0.0,1.0
e1130180,0.0,0.0,0.0
e5537120,0.0,1.0,0.0
e5578056,1.0,0.0,1.0
e5607376,1.0,1.0,1.0
e5605588,1.0,1.0,1.0
e5544168,0.0,1.0,0.0
e5223354,1.0,0.0,0.0
e5577670,0.0,1.0,1.0
e5144234,1.0,0.0,0.0
e5192874,1.0,0.0,0.0
e5546102,0.0,0.0,1.0
e5232640,0.0,1.0,0.0
e5403356,1.0,0.0,1.0
e5212254,0.0,0.0,1.0
e5227522,0.0,1.0,0.0
e5585270,1.0,1.0,0.0
e4694480,0.0,0.0,1.0
e5607906,1.0,1.0,0.0
e5587544,1.0,1.0,0.0
e5521944,1.0,1.0,0.0
e5538388,0.0,1.0,0.0
e5589784,0.0,1.0,0.0
e5595774,1.0,0.0,1.0
e5575408,1.0,1.0,1.0
e5087006,0.0,1.0,0.0
e5536870,0.0,1.0,0.0
e5569752,1.0,0.0,1.0
e5244756,0.0,1.0,0.0
e5082420,0.0,0.0,1.0
e5551400,1.0,0.0,0.0
e5603712,1.0,1.0,0.0
e5163798,1.0,1.0,1.0
e5203282,1.0,1.0,0.0
e5578192,1.0,0.0,1.0
e5592986,1.0,0.0,0.0
e5592988,1.0,0.0,1.0
e5606698,1.0,1.0,1.0
e5597654,1.0,1.0,1.0
e4998060,1.0,1.0,0.0
e5603038,1.0,1.0,0.0
e5607512,1.0,1.0,0.0
e5424622,0.0,1.0,0.0
e5411952,1.0,0.0,0.0
e5493430,1.0,1.0,0.0
e5427780,1.0,0.0,1.0
e5544904,1.0,0.0,0.0
e5544906,0.0,0.0,1.0
e5234674,0.0,0.0,1.0
e5590186,0.0,1.0,0.0
e5196574,0.0,0.0,1.0
e5595744,1.0,0.0,1.0
e5178804,0.0,1.0,0.0
e1233698,0.0,1.0,0.0
e1185728,1.0,0.0,0.0
e5506930,1.0,1.0,1.0
e5601768,0.0,1.0,1.0
e5580800,1.0,0.0,1.0
e5549106,1.0,0.0,1.0
e5466282,1.0,0.0,1.0
e5592708,0.0,1.0,0.0
e5595760,1.0,0.0,1.0
e5548110,0.0,1.0,0.0
e5543776,1.0,0.0,1.0
e5243762,0.0,0.0,1.0
e5409162,1.0,0.0,1.0
e5464950,0.0,1.0,0.0
e5323080,0.0,1.0,0.0
e5604862,1.0,1.0,1.0
e5132558,0.0,1.0,0.0
e5579228,0.0,1.0,1.0
e5183824,0.0,1.0,0.0
e5540484,1.0,0.0,0.0
e5543376,1.0,0.0,0.0
e5220806,0.0,0.0,1.0
e5592374,1.0,1.0,0.0
e5604826,1.0,1.0,1.0
e5225810,1.0,0.0,0.0
e5516648,0.0,0.0,1.0
e5606090,1.0,1.0,1.0
e5546576,0.0,0.0,1.0
e5598390,1.0,1.0,1.0
e1185032,0.0,0.0,0.0
e5220382,0.0,1.0,0.0
e5541924,1.0,1.0,1.0
e5539410,0.0,1.0,0.0
e5606744,1.0,0.0,0.0
e5220962,1.0,0.0,0.0
e5235502,0.0,1.0,0.0
e5537844,1.0,0.0,1.0
e5027064,0.0,0.0,1.0
e5407110,1.0,0.0,1.0
e5595724,1.0,0.0,1.0
e5595868,0.0,1.0,0.0
e5600520,1.0,1.0,1.0
e5579998,1.0,0.0,1.0
e5607692,1.0,1.0,1.0
e5543268,0.0,1.0,0.0
e5580860,0.0,0.0,1.0
e5479602,0.0,1.0,1.0
e5212386,0.0,0.0,1.0
e5593990,0.0,1.0,0.0
e5602260,1.0,0.0,1.0
e5602332,1.0,1.0,1.0
e1167784,1.0,0.0,0.0
e4647719,1.0,0.0,0.0
e4925050,1.0,0.0,0.0
e5560322,1.0,0.0,1.0
e5599522,1.0,1.0,1.0
e5227134,0.0,1.0,0.0
e5290382,1.0,0.0,0.0
e5589902,1.0,0.0,0.0
e4717610,1.0,0.0,1.0
e5155712,1.0,0.0,0.0
e5605210,1.0,1.0,1.0
e5597478,1.0,0.0,0.0
e5280044,1.0,0.0,0.0
e5607680,1.0,1.0,1.0
e5347110,1.0,1.0,0.0
e5536118,0.0,1.0,1.0
e5536638,0.0,1.0,0.0
e5580170,1.0,0.0,1.0
e5607620,1.0,1.0,1.0
e5499100,1.0,0.0,1.0
e5283810,0.0,0.0,1.0
e5602242,1.0,1.0,1.0
e5591530,0.0,1.0,0.0
e5595406,1.0,0.0,1.0
e5316530,1.0,0.0,0.0
e5537992,0.0,1.0,1.0
e5547992,1.0,0.0,0.0
e5543970,0.0,1.0,0.0
e5549420,1.0,0.0,1.0
e1232754,1.0,0.0,0.0
e5548192,0.0,1.0,0.0
e5585962,1.0,0.0,1.0
e5604096,1.0,1.0,1.0
e5206690,1.0,0.0,0.0
e5147246,1.0,0.0,1.0
e5220222,1.0,0.0,0.0
e1219216,0.0,0.0,1.0
e1234270,1.0,0.0,0.0
e1187864,1.0,0.0,0.0
e5602186,1.0,1.0,1.0
e5249638,1.0,0.0,1.0
e5541532,0.0,1.0,0.0
e5582894,1.0,0.0,1.0
e5220434,0.0,0.0,1.0
e5581094,1.0,1.0,0.0
e5606694,0.0,1.0,0.0
e5108606,1.0,0.0,0.0
e5607734,1.0,1.0,1.0
e5546454,0.0,1.0,0.0
e5592008,0.0,1.0,0.0
e5607852,1.0,1.0,1.0
e5506068,1.0,0.0,1.0
e5544472,0.0,1.0,0.0
e4839184,1.0,0.0,0.0
e5385580,1.0,0.0,1.0
e5604220,1.0,1.0,1.0
e5317798,0.0,1.0,0.0
e1160764,1.0,1.0,1.0
e5328120,0.0,1.0,0.0
e5418642,1.0,0.0,1.0
e5593188,1.0,0.0,1.0
e5604570,1.0,1.0,1.0
e1163470,0.0,1.0,0.0
e4848854,1.0,0.0,1.0
e5153856,1.0,0.0,0.0
e5585828,1.0,1.0,1.0
e5607158,0.0,1.0,1.0
e5546270,0.0,1.0,0.0
e5379042,0.0,1.0,0.0
e5487374,1.0,0.0,1.0
e5426868,1.0,1.0,0.0
e5601954,1.0,1.0,1.0
e5225358,0.0,1.0,0.0
e5569352,1.0,0.0,1.0
e1186388,0.0,0.0,0.0
e5587524,1.0,1.0,0.0
e1219752,1.0,0.0,0.0
e1219754,1.0,0.0,0.0
e5090764,1.0,0.0,0.0
e5595488,0.0,1.0,0.0
e5156080,1.0,0.0,0.0
e1156174,0.0,0.0,1.0
e1199928,0.0,0.0,0.0
e5545472,1.0,0.0,0.0
e5421760,1.0,0.0,1.0
e4658451,0.0,0.0,1.0
e5550404,1.0,0.0,0.0
e5589516,1.0,0.0,0.0
e5602706,0.0,1.0,1.0
e5604850,1.0,1.0,1.0
e5484962,1.0,0.0,1.0
e5535550,0.0,1.0,0.0
e5576368,1.0,0.0,1.0
e5540440,0.0,1.0,0.0
e5514668,1.0,1.0,1.0
e5091754,0.0,1.0,0.0
e5222766,0.0,1.0,0.0
e5144858,1.0,1.0,0.0
e5257024,1.0,1.0,0.0
e4829986,1.0,0.0,0.0
e5591562,0.0,1.0,0.0
e5548830,1.0,0.0,0.0
e5106012,0.0,0.0,0.0
e5590152,0.0,1.0,0.0
e5479250,1.0,1.0,1.0
e5201344,0.0,0.0,1.0
e5601142,1.0,1.0,1.0
e1227244,0.0,0.0,1.0
e5546416,0.0,0.0,1.0
e5585092,1.0,1.0,1.0
e5594964,0.0,1.0,0.0
e1184412,1.0,0.0,0.0
e5575396,0.0,1.0,1.0
e5532022,1.0,1.0,1.0
e1221050,0.0,0.0,0.0
e5126140,1.0,0.0,0.0
e5377556,0.0,1.0,0.0
e5219836,1.0,0.0,0.0
e5552952,0.0,0.0,1.0
e4994750,0.0,0.0,1.0
e5589864,0.0,1.0,0.0
e5602946,1.0,1.0,1.0
e5539708,0.0,1.0,0.0
e5575910,1.0,0.0,1.0
e5246874,0.0,0.0,1.0
e5571464,1.0,0.0,1.0
e5575954,1.0,1.0,1.0
e5513504,1.0,0.0,1.0
e4879836,0.0,1.0,0.0
e5043626,0.0,1.0,0.0
e5593860,1.0,0.0,0.0
e5543520,1.0,0.0,0.0
e1315332,1.0,0.0,0.0
e4640025,0.0,1.0,0.0
e5593262,1.0,0.0,0.0
e5381514,1.0,0.0,1.0
e5187948,0.0,1.0,0.0
e1320286,1.0,0.0,0.0
e1320288,1.0,0.0,0.0
e5578570,0.0,1.0,1.0
e5589054,0.0,1.0,0.0
e5607716,1.0,1.0,1.0
e5321426,0.0,0.0,1.0
e5602042,1.0,0.0,1.0
e5586742,1.0,1.0,1.0
e5228012,1.0,1.0,0.0
e5244806,0.0,1.0,0.0
e5235914,0.0,0.0,1.0
e5213256,0.0,1.0,0.0
e5592078,0.0,0.0,1.0
e5380890,1.0,0.0,1.0
e5592254,0.0,1.0,1.0
e5193150,0.0,1.0,0.0
e5416400,1.0,0.0,1.0
e5592390,1.0,1.0,1.0
e5539278,0.0,1.0,0.0
e5079342,0.0,0.0,1.0
e5227388,0.0,1.0,0.0
e5574578,1.0,1.0,1.0
e5584978,1.0,1.0,1.0
e5581268,1.0,0.0,1.0
e5607334,1.0,1.0,1.0
e5574156,1.0,1.0,1.0
e5547284,0.0,1.0,0.0
e5255244,0.0,1.0,0.0
e5603948,1.0,1.0,1.0
e5173472,0.0,0.0,1.0
e5593004,1.0,1.0,1.0
e4882362,1.0,0.0,0.0
e5606266,0.0,0.0,1.0
e5371000,1.0,0.0,1.0
e5217620,1.0,0.0,0.0
e1318376,1.0,0.0,0.0
e1318378,0.0,1.0,0.0
e5201520,0.0,1.0,0.0
e5600644,1.0,1.0,1.0
e5599238,0.0,1.0,1.0
e5536850,0.0,0.0,1.0
e5590010,1.0,0.0,0.0
e1253944,0.0,0.0,1.0
e4700478,0.0,0.0,0.0
e4643781,0.0,0.0,1.0
e5542222,1.0,1.0,0.0
e5228400,0.0,1.0,0.0
e5518474,1.0,0.0,1.0
e5526596,0.0,1.0,1.0
e5158392,1.0,0.0,0.0
e5223202,1.0,0.0,0.0
e5195044,0.0,1.0,0.0
e5226026,0.0,1.0,0.0
e5501548,1.0,1.0,1.0
e5606610,0.0,0.0,1.0
e5362840,0.0,0.0,1.0
e5541516,0.0,1.0,0.0
e5420684,0.0,1.0,1.0
e5589524,1.0,0.0,0.0
e5498464,1.0,0.0,1.0
e5599492,1.0,1.0,1.0
e1252044,1.0,0.0,0.0
e5323512,1.0,1.0,0.0
e5587014,1.0,1.0,1.0
e5603560,0.0,1.0,1.0
e5606742,1.0,0.0,0.0
e5602916,0.0,1.0,1.0
e5226050,0.0,0.0,1.0
e1334606,0.0,1.0,0.0
e4885164,0.0,0.0,0.0
e5599750,0.0,1.0,1.0
e5535798,0.0,1.0,0.0
e5547062,1.0,0.0,1.0
e5607578,1.0,1.0,1.0
e5132372,0.0,0.0,0.0
e5591896,1.0,0.0,0.0
e5193962,0.0,1.0,0.0
e5498140,1.0,0.0,1.0
e5603254,1.0,1.0,1.0
e5604470,1.0,1.0,1.0
e5487580,1.0,0.0,1.0
e5187438,0.0,1.0,0.0
e5503942,0.0,1.0,1.0
e5593042,0.0,0.0,1.0
e5594610,0.0,1.0,0.0
e5545374,1.0,0.0,0.0
e5222772,0.0,0.0,1.0
e5339208,1.0,1.0,0.0
e5351814,1.0,0.0,1.0
e5264522,1.0,0.0,1.0
e1253734,0.0,1.0,0.0
e5326370,1.0,1.0,1.0
e5479964,1.0,0.0,1.0
e5502262,1.0,1.0,1.0
e5220182,0.0,1.0,0.0
e1274196,1.0,0.0,0.0
e5195458,1.0,1.0,0.0
e5598550,1.0,1.0,1.0
e5594048,1.0,0.0,0.0
e5606034,0.0,1.0,0.0
e5506160,0.0,1.0,0.0
e5080716,1.0,0.0,0.0
e5606222,1.0,1.0,1.0
e5521562,1.0,0.0,1.0
e5222704,0.0,0.0,1.0
e1255324,1.0,0.0,0.0
e5592630,1.0,1.0,1.0
e5592632,1.0,0.0,1.0
e1340038,1.0,0.0,0.0
e1340040,1.0,0.0,0.0
e4714708,1.0,0.0,0.0
e5591180,1.0,0.0,0.0
e5536592,0.0,0.0,1.0
e5577096,1.0,0.0,0.0
e5594670,1.0,0.0,1.0
e5487512,0.0,1.0,1.0
e5229424,0.0,1.0,0.0
e5583634,1.0,1.0,0.0
e5236404,0.0,1.0,0.0
e5606498,1.0,1.0,1.0
e5591844,1.0,0.0,0.0
e5534872,0.0,1.0,0.0
e5201772,0.0,1.0,1.0
e5544638,1.0,0.0,0.0
e5495624,1.0,1.0,1.0
e5194320,0.0,1.0,0.0
e5575144,0.0,1.0,1.0
e5599622,1.0,1.0,1.0
e5424638,1.0,0.0,1.0
e5593128,0.0,1.0,0.0
e5224502,1.0,0.0,0.0
e5339396,1.0,0.0,0.0
e5604022,1.0,1.0,1.0
e5598574,1.0,1.0,1.0
e5603652,1.0,1.0,1.0
e5488370,1.0,1.0,1.0
e5527700,1.0,1.0,1.0
e5507860,1.0,0.0,1.0
e5605660,0.0,1.0,1.0
e5252794,0.0,0.0,1.0
e5490178,0.0,1.0,0.0
e5604382,1.0,1.0,0.0
e5351214,1.0,0.0,0.0
e5224516,0.0,0.0,1.0
e5606690,1.0,1.0,1.0
e5536138,0.0,1.0,1.0
e5087116,0.0,1.0,0.0
e5607814,1.0,1.0,1.0
e5605214,1.0,1.0,1.0
e5584228,1.0,0.0,1.0
e5606700,1.0,1.0,1.0
e1332154,1.0,0.0,0.0
e1332156,1.0,0.0,0.0
e4855764,1.0,0.0,0.0
e4676887,0.0,0.0,0.0
e5205372,1.0,0.0,0.0
e5215792,1.0,0.0,0.0
e5024522,1.0,0.0,1.0
e5461464,0.0,1.0,0.0
e5536962,1.0,0.0,1.0
e1315954,1.0,1.0,1.0
e5570426,0.0,0.0,1.0
e5147270,1.0,0.0,0.0
e5222648,0.0,0.0,1.0
e5545396,0.0,0.0,1.0
e5602622,0.0,1.0,1.0
e5601048,1.0,1.0,1.0
e5589358,0.0,1.0,0.0
e5389952,0.0,1.0,1.0
e5536150,1.0,0.0,0.0
e5549202,1.0,0.0,0.0
e5607486,0.0,1.0,1.0
e5288866,0.0,1.0,0.0
e5604952,1.0,1.0,1.0
e5486032,1.0,0.0,1.0
e5537930,0.0,1.0,0.0
e5606224,0.0,1.0,0.0
e5607056,0.0,0.0,1.0
e5228174,1.0,0.0,0.0
e5595806,0.0,1.0,0.0
e5583292,1.0,1.0,1.0
e4693360,0.0,0.0,0.0
e5588744,1.0,1.0,0.0
e5324016,1.0,1.0,0.0
e5233950,0.0,0.0,1.0
e1313340,0.0,0.0,1.0
e4984666,0.0,1.0,0.0
e5567856,1.0,1.0,1.0
e5576362,1.0,1.0,1.0
e5544056,0.0,1.0,0.0
e5579582,1.0,0.0,1.0
e5606584,1.0,0.0,0.0
e4701834,0.0,0.0,0.0
e5161948,1.0,1.0,1.0
e5594544,1.0,0.0,1.0
e5186682,0.0,1.0,0.0
e4809756,0.0,1.0,0.0
e5197642,0.0,1.0,0.0
e5192516,1.0,0.0,0.0
e5215530,0.0,0.0,1.0
e5541456,0.0,1.0,0.0
e1304358,1.0,1.0,0.0
e5605986,1.0,1.0,1.0
e5336546,1.0,0.0,0.0
e5576218,1.0,0.0,1.0
e5602614,1.0,1.0,1.0
e5571546,1.0,0.0,1.0
e5592884,1.0,1.0,0.0
e5148060,0.0,0.0,1.0
e5542634,0.0,1.0,0.0
e5575242,0.0,1.0,1.0
e1297684,0.0,0.0,0.0
e5215106,0.0,1.0,0.0
e5222314,1.0,1.0,0.0
e5593308,1.0,1.0,1.0
e5594800,0.0,1.0,0.0
e5553902,1.0,1.0,1.0
e5545476,1.0,1.0,0.0
e1266794,0.0,0.0,0.0
e5546186,0.0,1.0,0.0
e5568640,1.0,1.0,0.0
e5605716,1.0,1.0,0.0
e5606734,1.0,1.0,0.0
e5507414,1.0,0.0,1.0
e5542910,0.0,0.0,1.0
e5599358,1.0,1.0,1.0
e5590776,1.0,0.0,1.0
e5590778,0.0,1.0,0.0
e5436368,1.0,1.0,0.0
e1292212,1.0,0.0,0.0
e1292214,1.0,0.0,0.0
e5213822,1.0,0.0,0.0
e5605010,1.0,1.0,1.0
e5218372,0.0,1.0,0.0
e5604108,1.0,0.0,1.0
e5592468,0.0,1.0,0.0
e5604568,1.0,1.0,1.0
e5600196,1.0,1.0,1.0
e5573392,1.0,1.0,1.0
e5209664,0.0,1.0,0.0
e5453908,1.0,0.0,1.0
e5539736,0.0,1.0,0.0
e5587640,1.0,0.0,1.0
e5228864,0.0,1.0,0.0
e5455482,0.0,1.0,1.0
e5161012,0.0,1.0,0.0
e5533430,0.0,0.0,1.0
e5215496,1.0,0.0,0.0
e5488374,1.0,1.0,0.0
e5488354,1.0,1.0,1.0
e4920018,1.0,0.0,0.0
e5588626,1.0,1.0,1.0
e5215892,1.0,0.0,0.0
e5190064,1.0,0.0,0.0
e1270220,1.0,0.0,0.0
e5315920,0.0,1.0,0.0
e5587456,1.0,0.0,1.0
e5599848,1.0,1.0,1.0
e5571974,0.0,1.0,1.0
e1297788,0.0,0.0,0.0
e1316284,1.0,0.0,0.0
e5159736,1.0,0.0,0.0
e5563544,1.0,1.0,1.0
e5586844,1.0,1.0,0.0
e5535104,1.0,0.0,0.0
e5336482,0.0,0.0,1.0
e5542250,1.0,1.0,0.0
e1366022,1.0,1.0,0.0
e5543874,0.0,1.0,0.0
e5547010,0.0,1.0,0.0
e5604726,1.0,1.0,1.0
e1396580,0.0,0.0,0.0
e4766200,1.0,0.0,0.0
e5103960,1.0,0.0,0.0
e5592876,1.0,1.0,1.0
e5354274,0.0,0.0,1.0
e5588760,1.0,1.0,1.0
e5592046,1.0,0.0,1.0
e5594130,0.0,1.0,0.0
e5583246,1.0,1.0,1.0
e5381396,1.0,0.0,1.0
e5507916,1.0,1.0,0.0
e5145134,1.0,0.0,0.0
e5339384,1.0,0.0,0.0
e5547142,0.0,1.0,0.0
e5535278,1.0,0.0,1.0
e5593856,1.0,1.0,1.0
e5579088,0.0,1.0,1.0
e5591476,1.0,0.0,0.0
e5540112,1.0,0.0,1.0
e5537908,1.0,0.0,1.0
e5160600,1.0,0.0,0.0
e5600342,1.0,1.0,1.0
e5604804,1.0,0.0,1.0
e5223642,0.0,0.0,1.0
e5225850,1.0,0.0,0.0
e5607918,1.0,1.0,1.0
e5430978,1.0,0.0,1.0
e5492668,1.0,1.0,1.0
e5599416,1.0,0.0,1.0
e5592594,0.0,0.0,1.0
e5501996,1.0,0.0,1.0
e5222046,0.0,0.0,1.0
e5550396,1.0,0.0,1.0
e5574188,1.0,1.0,1.0
e5592842,0.0,1.0,0.0
e5604350,1.0,1.0,1.0
e5605682,1.0,1.0,0.0
e5590382,1.0,1.0,0.0
e4911290,1.0,0.0,0.0
e5599994,1.0,0.0,1.0
e5543132,1.0,1.0,1.0
e1402734,1.0,0.0,0.0
e5593264,1.0,0.0,0.0
e5540600,0.0,0.0,1.0
e5542514,0.0,1.0,0.0
e5576160,0.0,1.0,1.0
e5603998,1.0,1.0,1.0
e5570926,1.0,0.0,1.0
e5593426,1.0,0.0,0.0
e5606272,1.0,1.0,1.0
e5598512,1.0,1.0,1.0
e5284124,0.0,1.0,0.0
e5529366,1.0,0.0,1.0
e5583854,1.0,1.0,1.0
e5606284,1.0,0.0,0.0
e1422340,0.0,0.0,0.0
e5543492,0.0,0.0,1.0
e5601602,1.0,1.0,1.0
e5204078,0.0,1.0,0.0
e5542518,1.0,0.0,1.0
e1379920,1.0,1.0,1.0
e5590928,0.0,0.0,1.0
e5167500,0.0,1.0,0.0
e5604778,1.0,1.0,1.0
e5606446,1.0,1.0,1.0
e5547126,1.0,0.0,0.0
e5545998,0.0,1.0,0.0
e5600076,1.0,1.0,1.0
e5365424,1.0,1.0,0.0
e5541426,1.0,0.0,0.0
e5605354,1.0,1.0,1.0
e5502264,1.0,1.0,0.0
e4989642,0.0,0.0,1.0
e5475576,1.0,1.0,0.0
e5340408,1.0,0.0,0.0
e5543188,0.0,1.0,0.0
e5544206,1.0,0.0,0.0
e5494746,1.0,0.0,1.0
e5538042,0.0,1.0,0.0
e5518636,1.0,1.0,0.0
e5548536,1.0,1.0,1.0
e5228704,1.0,0.0,0.0
e5591242,0.0,1.0,0.0
e5070318,0.0,0.0,1.0
e1385844,1.0,0.0,0.0
e1385846,0.0,0.0,1.0
e5058274,0.0,0.0,1.0
e5235844,0.0,1.0,0.0
e5607270,1.0,1.0,1.0
e5604820,1.0,1.0,1.0
e5607276,1.0,1.0,1.0
e5589854,0.0,1.0,0.0
e1440114,1.0,1.0,1.0
e5238594,0.0,0.0,1.0
e5533254,1.0,1.0,1.0
e5158696,0.0,0.0,1.0
e5548022,0.0,0.0,1.0
e5421766,0.0,0.0,1.0
e5567222,1.0,0.0,1.0
e5576270,1.0,1.0,1.0
e5447814,1.0,0.0,1.0
e5192682,1.0,0.0,0.0
e5543996,0.0,1.0,0.0
e5604240,1.0,1.0,0.0
e5193922,0.0,0.0,1.0
e5580284,1.0,1.0,1.0
e1368474,1.0,0.0,0.0
e5256394,1.0,0.0,1.0
e5328370,0.0,1.0,0.0
e5381156,1.0,0.0,1.0
e5423630,1.0,0.0,1.0
e5591924,0.0,1.0,0.0
e5601920,1.0,1.0,1.0
e5397954,1.0,0.0,1.0
e5228632,0.0,0.0,1.0
e1384180,1.0,0.0,0.0
e5476724,1.0,0.0,1.0
e5199848,1.0,0.0,0.0
e5177854,1.0,1.0,1.0
e5548508,0.0,1.0,0.0
e5594324,0.0,1.0,1.0
e5515960,1.0,0.0,1.0
e5602522,1.0,1.0,1.0
e5063688,0.0,0.0,1.0
e5578528,1.0,0.0,1.0
e5583980,1.0,0.0,1.0
e5461102,0.0,0.0,1.0
e5536374,0.0,1.0,0.0
e5369598,1.0,0.0,1.0
e5589186,0.0,1.0,0.0
e1387262,1.0,0.0,0.0
e5606858,1.0,1.0,1.0
e5580838,1.0,1.0,1.0
e4997874,1.0,0.0,0.0
e5074984,0.0,0.0,1.0
e5536240,1.0,0.0,1.0
e1383246,0.0,0.0,0.0
e5602964,1.0,1.0,1.0
e5470824,1.0,0.0,1.0
e5105468,1.0,0.0,0.0
e5257030,0.0,1.0,0.0
e5607350,1.0,1.0,1.0
e5592996,1.0,1.0,1.0
e5592994,1.0,0.0,1.0
e5546376,0.0,0.0,1.0
e5546378,1.0,0.0,0.0
e5200684,1.0,0.0,1.0
e5604282,1.0,1.0,1.0
e5061846,0.0,0.0,1.0
e5248890,1.0,1.0,0.0
e5510576,0.0,1.0,1.0
e5205748,0.0,1.0,0.0
e5338210,0.0,0.0,1.0
e1399778,0.0,0.0,0.0
e5533490,0.0,0.0,1.0
e5533704,0.0,0.0,1.0
e5548384,0.0,0.0,1.0
e5199046,0.0,1.0,0.0
e1395252,1.0,0.0,0.0
e5142372,0.0,1.0,0.0
e5310590,0.0,1.0,0.0
e5205574,0.0,0.0,1.0
e5510016,1.0,0.0,1.0
e5543880,0.0,1.0,0.0
e5583544,1.0,0.0,1.0
e5364864,0.0,0.0,1.0
e4972228,0.0,0.0,1.0
e5074126,0.0,0.0,1.0
e5109762,1.0,0.0,0.0
e5590348,1.0,0.0,0.0
e5594886,1.0,0.0,0.0
e5586708,1.0,1.0,1.0
e5601154,1.0,1.0,1.0
e5496724,1.0,0.0,1.0
e5546952,0.0,1.0,0.0
e5509378,1.0,0.0,0.0
e5594746,1.0,1.0,0.0
e5539890,1.0,0.0,0.0
e5457846,1.0,0.0,1.0
e1381530,1.0,0.0,0.0
e1376472,1.0,0.0,0.0
e1428658,1.0,1.0,1.0
e5581926,1.0,1.0,1.0
e5479076,1.0,0.0,1.0
e5543784,0.0,1.0,0.0
e5538318,0.0,1.0,0.0
e5543816,1.0,1.0,1.0
e5601096,0.0,1.0,1.0
e5606568,1.0,1.0,1.0
e5052206,0.0,0.0,0.0
e5228058,0.0,1.0,0.0
e1376346,0.0,0.0,0.0
e5449644,1.0,1.0,0.0
e5211482,1.0,0.0,0.0
e5573456,0.0,1.0,1.0
e5607632,1.0,1.0,1.0
e5458516,0.0,1.0,1.0
e5542706,0.0,1.0,0.0
e4837578,1.0,0.0,0.0
e5600986,0.0,1.0,1.0
e5507258,0.0,1.0,1.0
e5589876,0.0,0.0,1.0
e5227676,1.0,0.0,0.0
e5195122,0.0,1.0,0.0
e5607872,1.0,1.0,1.0
e5536660,0.0,1.0,0.0
e5339578,1.0,1.0,0.0
e5539818,0.0,0.0,1.0
e5604064,1.0,1.0,1.0
e5530010,1.0,1.0,1.0
e5497704,1.0,0.0,1.0
e5590328,0.0,1.0,0.0
e5604806,1.0,0.0,1.0
e5537060,0.0,1.0,0.0
e5574372,1.0,1.0,1.0
e4897782,1.0,0.0,0.0
e5228830,0.0,1.0,0.0
e5512926,1.0,1.0,1.0
e5593574,1.0,1.0,0.0
e5594136,0.0,0.0,1.0
e5589462,0.0,1.0,0.0
e1368982,0.0,1.0,1.0
e5193388,0.0,1.0,0.0
e5487548,1.0,0.0,1.0
e1502928,0.0,0.0,0.0
e4820394,0.0,1.0,0.0
e5503874,1.0,0.0,1.0
e5491814,0.0,1.0,0.0
e5537490,1.0,0.0,1.0
e5541436,0.0,1.0,0.0
e5603954,1.0,1.0,1.0
e5600204,1.0,1.0,0.0
e1459602,0.0,0.0,0.0
e4770830,1.0,0.0,0.0
e1444198,1.0,0.0,0.0
e1444200,1.0,0.0,0.0
e5443476,1.0,0.0,1.0
e5600308,1.0,1.0,1.0
e5140010,1.0,0.0,1.0
e5590902,0.0,1.0,0.0
e5607282,1.0,1.0,1.0
e1515138,0.0,0.0,1.0
e5385380,1.0,1.0,0.0
e5541904,1.0,0.0,0.0
e5591384,0.0,1.0,1.0
e5184258,0.0,0.0,1.0
e5591712,1.0,0.0,1.0
e5593728,1.0,1.0,0.0
e5500826,1.0,1.0,1.0
e5156090,1.0,1.0,0.0
e5223864,1.0,0.0,0.0
e5208408,1.0,0.0,0.0
e5399194,0.0,0.0,1.0
e5175784,0.0,1.0,0.0
e5506376,1.0,0.0,1.0
e5601348,1.0,1.0,1.0
e5543752,0.0,1.0,0.0
e5511666,1.0,1.0,1.0
e5542842,0.0,1.0,1.0
e4695870,0.0,0.0,0.0
e5514072,1.0,1.0,0.0
e4908262,0.0,0.0,1.0
e5594414,0.0,0.0,1.0
e5599310,0.0,0.0,1.0
e5541088,0.0,1.0,0.0
e5588380,1.0,0.0,1.0
e5184192,0.0,1.0,0.0
e5436758,1.0,0.0,1.0
e5239610,0.0,1.0,1.0
e1480936,0.0,0.0,0.0
e5202242,0.0,1.0,0.0
e1464272,0.0,0.0,0.0
e5593040,0.0,1.0,0.0
e5600688,1.0,0.0,1.0
e5579288,1.0,0.0,1.0
e5600814,0.0,1.0,1.0
e5539620,0.0,1.0,0.0
e5574066,1.0,0.0,1.0
e5591738,1.0,1.0,1.0
e5586526,0.0,1.0,0.0
e5587686,1.0,1.0,0.0
e5227932,0.0,0.0,1.0
e5169266,1.0,0.0,0.0
e5541884,0.0,0.0,1.0
e5592092,0.0,1.0,0.0
e5222218,1.0,0.0,0.0
e5365288,1.0,1.0,0.0
e4855528,0.0,0.0,0.0
e5213494,1.0,0.0,0.0
e5312012,1.0,0.0,0.0
e5483748,1.0,0.0,1.0
e5545752,0.0,1.0,1.0
e5576294,1.0,1.0,1.0
e5578002,1.0,0.0,1.0
e5511658,1.0,1.0,1.0
e5605854,1.0,1.0,0.0
e5014150,0.0,1.0,1.0
e5220156,1.0,0.0,0.0
e5154818,1.0,0.0,0.0
e5545714,1.0,0.0,1.0
e5528470,1.0,1.0,1.0
e5604540,1.0,1.0,1.0
e5526194,1.0,0.0,1.0
e5189996,1.0,0.0,0.0
e5537666,1.0,1.0,0.0
e5537664,1.0,1.0,1.0
e5533428,1.0,0.0,0.0
e5581882,0.0,1.0,1.0
e5215060,1.0,0.0,0.0
e5217558,1.0,0.0,0.0
e5221380,1.0,0.0,0.0
e5586542,1.0,0.0,1.0
e5595468,0.0,1.0,0.0
e4856894,0.0,0.0,0.0
e5228986,1.0,0.0,0.0
e5542334,1.0,0.0,0.0
e5122306,0.0,0.0,1.0
e5521246,1.0,1.0,1.0
e5212600,0.0,0.0,1.0
e5573526,1.0,1.0,1.0
e5594210,1.0,0.0,0.0
e5507040,1.0,1.0,0.0
e4809726,0.0,1.0,0.0
e5165654,1.0,0.0,0.0
e5220644,1.0,0.0,0.0
e5575928,1.0,1.0,1.0
e5524230,1.0,1.0,1.0
e5526866,1.0,1.0,1.0
e5269676,0.0,1.0,0.0
e5580028,1.0,0.0,1.0
e5498078,0.0,0.0,1.0
e5541994,1.0,0.0,0.0
e1518744,1.0,0.0,0.0
e1528814,0.0,0.0,0.0
e5536522,1.0,0.0,1.0
e5238422,1.0,0.0,0.0
e5549468,1.0,1.0,1.0
e1515266,1.0,0.0,0.0
e5588810,1.0,1.0,1.0
e5468466,1.0,0.0,1.0
e5585646,1.0,1.0,1.0
e5079722,1.0,1.0,1.0
e5087540,0.0,1.0,0.0
e5227146,1.0,0.0,0.0
e5444828,1.0,0.0,1.0
e5591808,0.0,1.0,0.0
e5543672,0.0,1.0,0.0
e5529422,0.0,0.0,1.0
e5605264,1.0,1.0,1.0
e5413748,0.0,1.0,1.0
e1455082,0.0,0.0,1.0
e5493808,0.0,1.0,0.0
e5586484,1.0,0.0,1.0
e5543722,1.0,1.0,1.0
e5584128,1.0,1.0,1.0
e5548222,0.0,1.0,0.0
e5487680,1.0,1.0,0.0
e5606326,1.0,1.0,1.0
e5542102,1.0,0.0,0.0
e5192992,0.0,0.0,1.0
e5536514,0.0,1.0,0.0
e5474158,0.0,1.0,1.0
e1536260,0.0,0.0,0.0
e5606570,0.0,1.0,0.0
e5387034,0.0,1.0,0.0
e5604084,1.0,1.0,1.0
e1480790,0.0,1.0,1.0
e5226332,1.0,0.0,0.0
e5328452,0.0,0.0,1.0
e1530920,1.0,1.0,0.0
e5585934,1.0,1.0,1.0
e5541958,0.0,1.0,0.0
e5578246,1.0,0.0,1.0
e5228242,0.0,1.0,0.0
e5607288,1.0,1.0,1.0
e5439946,1.0,1.0,1.0
e5116066,0.0,0.0,1.0
e5202716,0.0,0.0,1.0
e4866254,0.0,0.0,0.0
e5575730,0.0,1.0,1.0
e5337586,1.0,0.0,0.0
e5598608,1.0,1.0,1.0
e5204924,1.0,0.0,0.0
e5222352,0.0,0.0,1.0
e5600788,1.0,0.0,1.0
e5580330,1.0,1.0,0.0
e5328478,1.0,1.0,0.0
e5350284,1.0,0.0,0.0
e5605202,1.0,1.0,1.0
e5607106,1.0,0.0,1.0
e5224218,1.0,1.0,0.0
e5604110,1.0,1.0,1.0
e5476492,1.0,0.0,1.0
e4901574,1.0,0.0,0.0
e5533550,0.0,1.0,0.0
e5581880,1.0,0.0,1.0
e5529360,1.0,1.0,1.0
e5469734,1.0,1.0,0.0
e4784392,1.0,0.0,0.0
e5206772,1.0,0.0,0.0
e1536982,1.0,0.0,0.0
e5604934,1.0,1.0,1.0
e5542316,0.0,1.0,0.0
e5541886,0.0,1.0,0.0
e5502316,0.0,1.0,0.0
e5394606,1.0,1.0,0.0
e4738824,1.0,0.0,0.0
e5607838,0.0,1.0,1.0
e5291414,1.0,1.0,0.0
e5488202,0.0,1.0,1.0
e5601102,1.0,0.0,0.0
e4727608,1.0,0.0,0.0
e5176116,0.0,1.0,1.0
e5603528,1.0,1.0,1.0
e5603208,1.0,1.0,1.0
e1468424,0.0,0.0,1.0
e1467212,0.0,1.0,1.0
e1526146,1.0,0.0,0.0
e5603946,1.0,0.0,1.0
e1528594,0.0,0.0,1.0
e1528596,1.0,0.0,0.0
e5538154,1.0,0.0,0.0
e1510046,1.0,0.0,0.0
e5601410,1.0,0.0,1.0
e4709432,1.0,0.0,0.0
e4709464,0.0,0.0,0.0
e4709744,0.0,1.0,0.0
e4709784,0.0,0.0,0.0
e5589190,1.0,0.0,0.0
e4709902,0.0,0.0,0.0
e4903604,0.0,0.0,0.0
e4710466,0.0,0.0,1.0
e4710810,0.0,0.0,0.0
e5238430,1.0,0.0,0.0
e4710962,0.0,0.0,0.0
e4711570,0.0,0.0,0.0
e4711762,0.0,0.0,0.0
e5163082,1.0,0.0,0.0
e5261422,1.0,0.0,0.0
e4713604,0.0,0.0,0.0
