,0,1,2,3
e192425552,0.0,0.0,0.0,0.0
e148737188,0.0,0.0,0.0,0.0
e33816638,0.0,0.0,0.0,0.0
e192412561,0.0,0.0,0.0,0.0
e29836744,0.0,0.0,0.0,0.0
e180380027,0.0,0.0,0.0,0.0
e192443771,0.0,0.0,0.0,0.0
e192098029,0.0,0.0,0.0,0.0
e19025352,0.0,0.0,0.0,0.0
e42208842,0.0,0.0,0.0,0.0
e192444735,0.0,0.0,0.0,0.0
e180509573,0.0,0.0,0.0,0.0
e180404951,0.0,0.0,0.0,0.0
e192445961,0.0,0.0,0.0,0.0
e149194891,0.0,0.0,0.0,0.0
e192104619,0.0,0.0,0.0,0.0
e180626495,0.0,0.0,0.0,0.0
e182834440,0.0,0.0,0.0,0.0
e192197861,0.0,0.0,0.0,0.0
e192444351,1.0,1.0,1.0,1.0
e149548258,0.0,0.0,0.0,0.0
e7809628,0.0,0.0,0.0,0.0
e192220807,0.0,0.0,0.0,0.0
e192192349,0.0,0.0,0.0,0.0
e151129659,0.0,0.0,0.0,0.0
e180610701,0.0,0.0,0.0,0.0
e192419683,0.0,0.0,0.0,0.0
e192429818,0.0,0.0,0.0,0.0
e149148785,1.0,0.0,0.0,0.0
e179005859,0.0,0.0,0.0,0.0
e170800001,0.0,0.0,0.0,0.0
e192320404,0.0,0.0,0.0,0.0
e10292352,0.0,0.0,0.0,0.0
e192413527,0.0,0.0,0.0,0.0
e180534271,0.0,0.0,0.0,0.0
e148611938,0.0,0.0,0.0,0.0
e192087041,0.0,0.0,0.0,0.0
e180370025,0.0,0.0,0.0,0.0
e149543780,0.0,0.0,0.0,0.0
e180479253,0.0,0.0,0.0,0.0
e180529827,0.0,0.0,0.0,0.0
e192337745,1.0,1.0,1.0,1.0
e180420939,0.0,0.0,0.0,0.0
e149894242,0.0,0.0,0.0,0.0
e144422394,0.0,0.0,0.0,0.0
e150966986,0.0,0.0,0.0,0.0
e192098549180277445,0.0,0.0,0.0,0.0
e180373735180373737,0.0,0.0,0.0,0.0
e192191601,0.0,0.0,0.0,0.0
e35579084,0.0,0.0,0.0,0.0
e150405087,0.0,0.0,0.0,0.0
e172391699149667314,1.0,1.0,0.0,0.0
e192305272,0.0,0.0,0.0,0.0
e188973028,0.0,0.0,0.0,0.0
e180347613,0.0,0.0,0.0,0.0
e180475615,0.0,0.0,0.0,0.0
e40613832,0.0,0.0,0.0,0.0
e192423902,0.0,0.0,0.0,0.0
e192197345,0.0,0.0,0.0,0.0
e192299674,0.0,0.0,0.0,0.0
e192367487,0.0,0.0,0.0,0.0
e192196407,1.0,0.0,0.0,1.0
e180297991147701007,1.0,0.0,0.0,0.0
e180207679,0.0,0.0,1.0,0.0
e145571932149211915180641461,1.0,0.0,1.0,1.0
e192088703,0.0,0.0,0.0,0.0
e180346427151124808,1.0,1.0,1.0,0.0
e4473640192341683192442260139840781192287312,1.0,1.0,1.0,1.0
e149977450,0.0,0.0,0.0,0.0
e180621321180650491,1.0,1.0,1.0,0.0
e149951648,1.0,0.0,0.0,0.0
e180710108,0.0,0.0,0.0,0.0
e192101827,0.0,0.0,0.0,0.0
e192282614,0.0,0.0,0.0,0.0
e149718142,0.0,0.0,0.0,0.0
e192194797,0.0,0.0,0.0,0.0
e192309702,0.0,0.0,0.0,0.0
e178057271,0.0,0.0,0.0,0.0
e177453523,0.0,0.0,0.0,0.0
e11008840,0.0,0.0,0.0,0.0
e15101101035320146,0.0,0.0,0.0,0.0
e147744541,0.0,0.0,0.0,0.0
e192051635,0.0,0.0,0.0,0.0
e192425220,1.0,1.0,1.0,1.0
e147865663,0.0,0.0,0.0,0.0
e180544051,0.0,0.0,0.0,0.0
e192425258,1.0,1.0,1.0,1.0
e180299927168674947,1.0,0.0,0.0,1.0
e192446305,0.0,0.0,0.0,0.0
e145640634,0.0,0.0,0.0,0.0
e180450031,0.0,0.0,0.0,0.0
e163586941,0.0,0.0,0.0,0.0
e192250332,1.0,1.0,1.0,1.0
e180296117,0.0,0.0,0.0,0.0
e149937086,1.0,0.0,0.0,0.0
e42795226,0.0,0.0,0.0,0.0
e192197693,0.0,0.0,0.0,0.0
e192445077,0.0,0.0,0.0,0.0
e146859246,0.0,0.0,0.0,0.0
e150154912,0.0,0.0,0.0,0.0
e25161178,0.0,0.0,0.0,0.0
e144396452,0.0,0.0,0.0,0.0
e147947481,0.0,0.0,0.0,0.0
e192445043,0.0,0.0,1.0,1.0
e192444417,1.0,1.0,1.0,1.0
e192200247,0.0,0.0,0.0,0.0
e192200931,0.0,0.0,0.0,0.0
e180364167,0.0,0.0,0.0,0.0
e192084181,1.0,1.0,1.0,1.0
e180704328,0.0,0.0,0.0,0.0
e192296354,1.0,1.0,1.0,1.0
e192261950,0.0,0.0,0.0,0.0
e148281997,0.0,0.0,0.0,0.0
e180620585,0.0,0.0,0.0,0.0
e152893001,0.0,0.0,0.0,0.0
e192348953,0.0,0.0,0.0,0.0
e192391792173305239,0.0,0.0,0.0,0.0
e24723054149778801192072399,0.0,1.0,1.0,1.0
e180154189,1.0,0.0,1.0,0.0
e148735566,0.0,0.0,0.0,0.0
e150319293,0.0,0.0,0.0,0.0
e192206387,1.0,0.0,1.0,0.0
e192440512,0.0,0.0,0.0,0.0
e144246320,0.0,0.0,0.0,0.0
e39260676,0.0,0.0,0.0,0.0
e18545492,0.0,0.0,0.0,0.0
e192434938144938384150447705192414635,1.0,1.0,1.0,1.0
e180454019,0.0,0.0,0.0,0.0
e5086442192444391,1.0,1.0,1.0,1.0
e182603984,0.0,0.0,0.0,0.0
e190907335,0.0,0.0,0.0,0.0
e29609870,0.0,0.0,0.0,0.0
e180659338,0.0,0.0,0.0,0.0
e148089625,0.0,0.0,0.0,0.0
e150088182,0.0,0.0,0.0,0.0
e147784987,0.0,0.0,0.0,0.0
e192332653,0.0,0.0,0.0,0.0
e192220771,0.0,0.0,0.0,0.0
e29688728,0.0,0.0,0.0,0.0
e148760660,0.0,0.0,0.0,0.0
e180630847,0.0,0.0,0.0,0.0
e150044260,0.0,0.0,0.0,0.0
e192445767,0.0,0.0,0.0,0.0
e180310465,0.0,0.0,0.0,0.0
e42976336,0.0,0.0,0.0,0.0
e180593129,0.0,0.0,0.0,0.0
e149633762,0.0,0.0,0.0,0.0
e150117204170028057151115324192330451,1.0,1.0,1.0,0.0
e3069444,0.0,0.0,0.0,0.0
e192096039,0.0,0.0,0.0,0.0
e192445159,0.0,0.0,0.0,0.0
e147612499,0.0,0.0,0.0,0.0
e192440210,0.0,0.0,0.0,0.0
e192444949,0.0,0.0,0.0,0.0
e151195207,1.0,0.0,1.0,1.0
e180506923,0.0,0.0,0.0,0.0
e180354197,0.0,1.0,1.0,1.0
e192187077,0.0,0.0,0.0,0.0
e192443669,0.0,0.0,0.0,0.0
e192198635,0.0,1.0,1.0,1.0
e1383160018397762180595845,0.0,0.0,0.0,0.0
e151179443,0.0,0.0,0.0,0.0
e192188717,0.0,0.0,0.0,0.0
e180706880,0.0,0.0,0.0,0.0
e179914203,0.0,0.0,0.0,0.0
e148578368,0.0,0.0,0.0,0.0
e180590105,0.0,0.0,0.0,0.0
e21839260,0.0,0.0,0.0,0.0
e10387720,0.0,0.0,0.0,0.0
e149413840,0.0,0.0,0.0,0.0
e45630092148770810,0.0,0.0,0.0,0.0
e192108487,0.0,0.0,0.0,0.0
e180377643,0.0,0.0,0.0,0.0
e149131467,0.0,0.0,0.0,0.0
e192361025,1.0,1.0,1.0,1.0
e192356641,0.0,0.0,0.0,0.0
e192422924,0.0,0.0,0.0,0.0
e150819878,1.0,0.0,0.0,0.0
e180376167,0.0,0.0,0.0,0.0
e192445089,0.0,0.0,0.0,0.0
e192444661,0.0,0.0,0.0,0.0
e150398263,0.0,0.0,0.0,0.0
e1399010,0.0,0.0,0.0,0.0
e180453215,0.0,0.0,0.0,0.0
e150817456,0.0,0.0,0.0,0.0
e149129343,0.0,0.0,0.0,0.0
e192410575,0.0,0.0,0.0,0.0
e11673654192415377,1.0,1.0,1.0,1.0
e148844762,0.0,0.0,0.0,0.0
e192406376192425918,0.0,0.0,0.0,0.0
e180671020,0.0,0.0,0.0,0.0
e192382398,1.0,1.0,1.0,1.0
e192206317,0.0,0.0,0.0,0.0
e180100625,0.0,0.0,0.0,0.0
e192444981,0.0,0.0,0.0,0.0
e38956182,0.0,0.0,0.0,0.0
e192283514,0.0,0.0,0.0,0.0
e148683190,0.0,0.0,0.0,0.0
e192348673,0.0,0.0,0.0,0.0
e150551603,0.0,0.0,0.0,0.0
e35838936149825416,0.0,0.0,0.0,0.0
e35773172,0.0,0.0,0.0,0.0
e180377667,0.0,0.0,0.0,0.0
e146370286,0.0,0.0,0.0,0.0
e192086733,0.0,0.0,0.0,0.0
e192421811,0.0,0.0,0.0,0.0
e149641534,0.0,0.0,0.0,0.0
e180526283,0.0,0.0,1.0,1.0
e149611492,0.0,0.0,1.0,0.0
e144509220,0.0,0.0,0.0,0.0
e180363641,1.0,1.0,1.0,1.0
e192190135,0.0,0.0,0.0,0.0
e147846587,0.0,0.0,0.0,0.0
e19209195333976954,0.0,0.0,0.0,0.0
e146141536,0.0,0.0,0.0,0.0
e175135185,0.0,0.0,0.0,0.0
e148736152180656286,0.0,0.0,0.0,0.0
e42274842,0.0,0.0,0.0,0.0
e192442248,1.0,1.0,1.0,1.0
e149312341,1.0,0.0,0.0,0.0
e192108843,1.0,0.0,1.0,1.0
e147004144,0.0,0.0,0.0,0.0
e192334155,0.0,0.0,0.0,0.0
e192230591,1.0,1.0,1.0,1.0
e150138890,0.0,0.0,0.0,0.0
e180680262,1.0,0.0,1.0,1.0
e180630691,0.0,0.0,0.0,0.0
e180335029,0.0,0.0,0.0,0.0
e192195779,0.0,0.0,0.0,0.0
e150265962,0.0,0.0,0.0,1.0
e180369941,1.0,1.0,1.0,1.0
e192406710,0.0,0.0,0.0,0.0
e180365197,0.0,0.0,0.0,0.0
e180348319,0.0,0.0,0.0,0.0
e189814585,0.0,0.0,0.0,0.0
e192067363192423986,0.0,0.0,0.0,0.0
e150641241150584067,0.0,0.0,0.0,0.0
e192444667,0.0,0.0,0.0,0.0
e192425196,0.0,0.0,0.0,0.0
e192375038,0.0,0.0,0.0,0.0
e192446157,0.0,0.0,0.0,0.0
e145221980,0.0,0.0,0.0,0.0
e192389015,0.0,0.0,0.0,0.0
e180623693,1.0,1.0,1.0,1.0
e192090881,0.0,0.0,0.0,0.0
e6363164,0.0,0.0,0.0,0.0
e180353737142915419,0.0,0.0,0.0,0.0
e192399513,1.0,0.0,1.0,1.0
e192093373,0.0,0.0,0.0,0.0
e192191705,0.0,0.0,0.0,0.0
e180328571147519429,0.0,0.0,0.0,0.0
e192424314,0.0,0.0,0.0,0.0
e10292350,0.0,0.0,0.0,0.0
e192081771,0.0,0.0,0.0,0.0
e180615455,0.0,0.0,0.0,0.0
e11559270,0.0,0.0,0.0,0.0
e180653864,0.0,0.0,0.0,0.0
e192347335,1.0,1.0,1.0,1.0
e146157672,0.0,0.0,0.0,0.0
e180343987,0.0,0.0,0.0,0.0
e147623669,0.0,0.0,0.0,0.0
e146763360,0.0,0.0,0.0,0.0
e192410713,1.0,1.0,1.0,1.0
e192315842,0.0,0.0,0.0,0.0
e148364193,0.0,0.0,0.0,0.0
e192413923,0.0,0.0,0.0,0.0
e180553807,0.0,0.0,0.0,0.0
e192443687,0.0,0.0,0.0,0.0
e192312010502438,0.0,0.0,0.0,0.0
e192443993,0.0,0.0,0.0,0.0
e180646543,0.0,0.0,0.0,0.0
e192423152,0.0,0.0,0.0,0.0
e192231137,0.0,0.0,0.0,0.0
e182805264,0.0,0.0,0.0,0.0
e158553177,0.0,0.0,0.0,0.0
e180348611,0.0,0.0,0.0,0.0
e192107649,0.0,0.0,0.0,0.0
e192312698,0.0,0.0,0.0,0.0
e192098015,0.0,0.0,0.0,0.0
e150379057,0.0,0.0,0.0,0.0
e180255343,0.0,0.0,0.0,0.0
e150904768,0.0,0.0,0.0,0.0
e150341391,0.0,0.0,0.0,0.0
e192398829,1.0,1.0,1.0,1.0
e180328997148500921,0.0,0.0,0.0,0.0
e192440198,0.0,0.0,0.0,0.0
e146540034,0.0,0.0,0.0,0.0
e192084981,0.0,0.0,0.0,0.0
e145350792,0.0,0.0,0.0,0.0
e148465449,0.0,0.0,0.0,0.0
e138362834,0.0,0.0,0.0,0.0
e180645135,0.0,0.0,1.0,1.0
e192086447,0.0,0.0,0.0,0.0
e6800138,0.0,0.0,0.0,0.0
e1493208,0.0,0.0,0.0,0.0
e192283650,1.0,1.0,1.0,1.0
e192329479,0.0,0.0,0.0,0.0
e147630679,0.0,0.0,0.0,0.0
e180612847,0.0,0.0,0.0,0.0
e158553193,0.0,0.0,0.0,0.0
e39066814,0.0,0.0,0.0,0.0
e192100151,0.0,0.0,0.0,0.0
e180290871180290873,0.0,0.0,0.0,0.0
e192397170,0.0,0.0,0.0,0.0
e192425788,0.0,0.0,0.0,0.0
e192278436,1.0,1.0,1.0,1.0
e19684408,0.0,0.0,0.0,0.0
e40637300,0.0,0.0,0.0,0.0
e150507547,0.0,0.0,1.0,1.0
e180272789,0.0,0.0,0.0,0.0
e30018196,0.0,0.0,0.0,0.0
e192197695,0.0,0.0,0.0,0.0
e180586465,0.0,0.0,0.0,0.0
e180676018,0.0,0.0,0.0,0.0
e23404818,0.0,0.0,0.0,0.0
e180637717,0.0,0.0,0.0,0.0
e149419440,0.0,0.0,0.0,0.0
e150538957,0.0,0.0,0.0,0.0
e148910154,0.0,0.0,0.0,0.0
e151208063,0.0,0.0,0.0,0.0
e180359463,1.0,1.0,1.0,1.0
e192093291,1.0,1.0,1.0,1.0
e180624635,0.0,0.0,0.0,0.0
e192249136,0.0,0.0,0.0,0.0
e192446071,0.0,0.0,0.0,0.0
e149651486,0.0,0.0,0.0,0.0
e192444411,0.0,0.0,0.0,0.0
e192313762,0.0,0.0,0.0,0.0
e180320561,0.0,0.0,0.0,0.0
e192107065,0.0,0.0,0.0,0.0
e49380,0.0,0.0,0.0,0.0
e192445017,0.0,0.0,0.0,0.0
e192444637,0.0,0.0,0.0,0.0
e192091307,0.0,0.0,0.0,0.0
e192444431,1.0,1.0,1.0,1.0
e192408683,0.0,1.0,1.0,1.0
e180355961,0.0,0.0,0.0,0.0
e150260936,0.0,0.0,0.0,0.0
e180367185,0.0,0.0,0.0,0.0
e192097635,0.0,0.0,0.0,0.0
e180349259180349261,0.0,0.0,0.0,0.0
e192108481,0.0,0.0,0.0,0.0
e33847290,0.0,0.0,0.0,0.0
e180612597,0.0,0.0,0.0,0.0
e192399969,0.0,0.0,0.0,0.0
e149894338,0.0,0.0,0.0,0.0
e192426326,0.0,0.0,0.0,0.0
e192445203,0.0,0.0,0.0,0.0
e192072555,1.0,0.0,1.0,1.0
e192091117,0.0,0.0,0.0,0.0
e192437430192437418,0.0,0.0,0.0,0.0
e192255484,0.0,0.0,0.0,0.0
e182805272,0.0,0.0,0.0,0.0
e192098143,0.0,0.0,0.0,0.0
e192423922,0.0,0.0,0.0,0.0
e192415741,0.0,0.0,0.0,0.0
e192341067,0.0,0.0,0.0,0.0
e180365739,0.0,0.0,0.0,0.0
e151065646,0.0,0.0,0.0,0.0
e180350633,0.0,0.0,0.0,0.0
e180321827,0.0,0.0,0.0,0.0
e192303008,0.0,0.0,0.0,0.0
e149528638,0.0,0.0,0.0,1.0
e8131032,0.0,0.0,0.0,0.0
e151194219,1.0,1.0,0.0,1.0
e192443606,0.0,0.0,0.0,0.0
e180350107,0.0,0.0,0.0,0.0
e149660548,0.0,0.0,0.0,0.0
e192229671,0.0,0.0,0.0,0.0
e192195511,1.0,1.0,1.0,0.0
e192438812,0.0,0.0,0.0,0.0
e180439327,0.0,0.0,0.0,0.0
e180648953,0.0,0.0,0.0,0.0
e139736831,0.0,0.0,0.0,0.0
e149936820,0.0,0.0,0.0,0.0
e151195335,0.0,0.0,0.0,0.0
e150888460,1.0,0.0,0.0,0.0
e192314622,1.0,0.0,1.0,1.0
e192327427,0.0,0.0,0.0,0.0
e150544163,0.0,0.0,0.0,0.0
e150698144,0.0,0.0,1.0,0.0
e192419521,0.0,0.0,0.0,0.0
e3069446,0.0,0.0,0.0,0.0
e150479455,0.0,0.0,0.0,0.0
e192362957,0.0,0.0,0.0,0.0
e182603992,0.0,0.0,0.0,0.0
e192219419,1.0,1.0,1.0,1.0
e192424024,0.0,0.0,0.0,0.0
e192331385,0.0,0.0,0.0,0.0
e192107719,0.0,0.0,0.0,0.0
e192284622,0.0,0.0,0.0,0.0
e147760339,0.0,0.0,0.0,0.0
e149576780,0.0,0.0,0.0,0.0
e192406122,0.0,0.0,0.0,0.0
e191981567,0.0,0.0,0.0,0.0
e180520149,0.0,0.0,0.0,0.0
e192442906,0.0,0.0,0.0,0.0
e148823178,0.0,0.0,0.0,0.0
e192418937,0.0,0.0,0.0,0.0
e180372361148257467150426453148278115142035656192220349,1.0,1.0,1.0,1.0
e192443743,0.0,0.0,0.0,0.0
e192253668,0.0,0.0,0.0,0.0
e192445655,0.0,0.0,0.0,0.0
e192444853,0.0,0.0,0.0,0.0
e192032601,0.0,0.0,0.0,0.0
e187358380,0.0,0.0,0.0,0.0
e180564223,0.0,0.0,1.0,1.0
e192365845,0.0,0.0,0.0,0.0
e148520797,0.0,0.0,0.0,0.0
e192418733,0.0,0.0,0.0,0.0
e192076209,0.0,0.0,0.0,0.0
e192443677,0.0,0.0,0.0,0.0
e155663379,0.0,0.0,0.0,0.0
e8109792,0.0,0.0,0.0,0.0
e143445571145475554,0.0,0.0,0.0,0.0
e192197953,0.0,0.0,1.0,1.0
e192430006,0.0,0.0,0.0,0.0
e192444687,1.0,1.0,1.0,1.0
e192446301,0.0,0.0,0.0,0.0
e149327519,0.0,0.0,0.0,0.0
e192032785,0.0,0.0,0.0,0.0
e180672374,0.0,0.0,0.0,0.0
e192359071,0.0,0.0,0.0,0.0
e192444113,1.0,1.0,1.0,1.0
e192244712,0.0,0.0,0.0,0.0
e192443268,1.0,1.0,1.0,1.0
e150733952,0.0,0.0,0.0,0.0
e149323081,0.0,0.0,0.0,0.0
e192108685,0.0,0.0,0.0,0.0
e148624962,0.0,0.0,0.0,0.0
e192315704,0.0,0.0,0.0,0.0
e180407685,0.0,0.0,0.0,0.0
e150724182,0.0,0.0,0.0,0.0
e192445085,0.0,0.0,0.0,0.0
e192445795,0.0,0.0,0.0,0.0
e150040398,0.0,0.0,0.0,0.0
e192153465192390295,0.0,0.0,0.0,0.0
e192280558,0.0,0.0,0.0,0.0
e180635221147987775,0.0,0.0,0.0,0.0
e150333111,0.0,0.0,0.0,0.0
e192443735,0.0,0.0,0.0,0.0
e192219861,0.0,0.0,0.0,0.0
e140296543,0.0,0.0,0.0,0.0
e149540046,1.0,1.0,0.0,0.0
e180368245,1.0,0.0,1.0,1.0
e149626464148928216,0.0,0.0,0.0,0.0
e180418597,0.0,0.0,0.0,0.0
e149047011,0.0,0.0,0.0,0.0
e149893544,0.0,0.0,0.0,0.0
e157161533,0.0,0.0,0.0,0.0
e192319968,0.0,0.0,0.0,0.0
e11773546,0.0,0.0,0.0,0.0
e37716270,0.0,0.0,0.0,0.0
e180377631,0.0,0.0,0.0,0.0
e192076193,0.0,0.0,0.0,0.0
e192077473,0.0,0.0,0.0,0.0
e192446243,0.0,0.0,0.0,0.0
e45344322,0.0,0.0,0.0,0.0
e31374760,0.0,0.0,0.0,0.0
e192445061,0.0,0.0,0.0,0.0
e190015875,0.0,0.0,0.0,0.0
e180309275,0.0,0.0,0.0,0.0
e149470510,0.0,0.0,0.0,0.0
e27928616,0.0,0.0,0.0,0.0
e180266277,0.0,0.0,0.0,0.0
e177461357,0.0,0.0,1.0,0.0
e36427484,0.0,0.0,0.0,0.0
e180617255,0.0,0.0,0.0,0.0
e192406204,0.0,0.0,0.0,0.0
e192446579,0.0,0.0,0.0,0.0
e192445427,0.0,0.0,0.0,0.0
e192241624,1.0,0.0,1.0,1.0
e180650435,0.0,0.0,0.0,0.0
e192209629,0.0,0.0,0.0,0.0
e180605629,0.0,0.0,0.0,0.0
e138859855,0.0,0.0,0.0,0.0
e180346687,1.0,1.0,1.0,1.0
e192078179,0.0,0.0,0.0,0.0
e192084977,0.0,0.0,0.0,0.0
e192364545,1.0,0.0,1.0,0.0
e192444965,0.0,0.0,0.0,0.0
e18732732,0.0,0.0,0.0,0.0
e1324590,0.0,0.0,0.0,0.0
e192426232192119425,0.0,0.0,0.0,0.0
e150220892,0.0,0.0,0.0,0.0
e192424412,1.0,1.0,1.0,0.0
e192105841,0.0,0.0,0.0,0.0
e147347558,0.0,0.0,0.0,0.0
e148254701,0.0,0.0,0.0,0.0
e179637567192418819,1.0,1.0,1.0,1.0
e192414801,0.0,0.0,0.0,0.0
e192445573,0.0,0.0,0.0,0.0
e192108489,0.0,0.0,0.0,0.0
e150637319,0.0,0.0,0.0,0.0
e180351093,0.0,0.0,0.0,0.0
e192392476,0.0,0.0,0.0,0.0
e149961078,0.0,0.0,0.0,0.0
e180624491,1.0,1.0,0.0,1.0
e149703290,0.0,0.0,0.0,0.0
e180335653,0.0,0.0,0.0,0.0
e192445261,0.0,0.0,0.0,0.0
e192445327,0.0,0.0,0.0,0.0
e192426178,0.0,0.0,0.0,0.0
e192101501,0.0,0.0,0.0,0.0
e149274783,0.0,0.0,0.0,0.0
e180713072148470915192093429,1.0,0.0,1.0,0.0
e192332461,0.0,0.0,0.0,0.0
e148447937,0.0,0.0,0.0,0.0
e149985218,0.0,0.0,0.0,0.0
e192363505,0.0,0.0,0.0,0.0
e180399163,0.0,0.0,0.0,0.0
e192283632,0.0,0.0,0.0,0.0
e192341651,1.0,1.0,1.0,1.0
e192445259,0.0,0.0,0.0,0.0
e192104257,0.0,0.0,0.0,0.0
e180674792,0.0,0.0,0.0,0.0
e192443316,1.0,0.0,1.0,1.0
e178370755,0.0,0.0,0.0,0.0
e180602847,0.0,0.0,0.0,0.0
e192407000,1.0,1.0,1.0,1.0
e149718396,0.0,0.0,0.0,0.0
e192316750,0.0,0.0,0.0,0.0
e180670616,0.0,0.0,0.0,0.0
e165910397,0.0,0.0,0.0,0.0
e192445879,0.0,0.0,0.0,0.0
e1058588,0.0,0.0,0.0,0.0
e179663679148558888147837745,1.0,1.0,1.0,0.0
e192416761,1.0,1.0,1.0,1.0
e180352951,0.0,0.0,0.0,0.0
e192364999,0.0,0.0,0.0,0.0
e192303910,0.0,0.0,0.0,0.0
e192391824,1.0,1.0,1.0,1.0
e150747712,0.0,0.0,0.0,0.0
e192074965,0.0,0.0,0.0,0.0
e192332651,0.0,0.0,0.0,0.0
e192325564146404676,1.0,0.0,1.0,1.0
e148913036,0.0,0.0,0.0,0.0
e192444985,0.0,0.0,0.0,0.0
e192063421,0.0,0.0,0.0,0.0
e148203291,0.0,0.0,0.0,0.0
e180579931,1.0,1.0,1.0,1.0
e180351931,0.0,0.0,0.0,0.0
e192403374,0.0,0.0,0.0,0.0
e180277319,0.0,0.0,1.0,1.0
e192204353,1.0,1.0,1.0,1.0
e192424134,0.0,0.0,0.0,0.0
e192445069,0.0,0.0,0.0,0.0
e180656112,0.0,0.0,0.0,0.0
e192107619,0.0,0.0,0.0,0.0
e180356003,0.0,0.0,0.0,0.0
e180361123148878008576444818038723719242801842408570192321946,1.0,1.0,1.0,1.0
e192261724,0.0,0.0,0.0,0.0
e180674390,0.0,0.0,0.0,0.0
e192445833,0.0,0.0,0.0,0.0
e149973772,0.0,0.0,0.0,0.0
e148281383,0.0,0.0,0.0,0.0
e149896242,0.0,0.0,0.0,0.0
e30896354,0.0,0.0,0.0,0.0
e180377463,0.0,0.0,0.0,0.0
e180547727,0.0,0.0,0.0,0.0
e14105078,0.0,0.0,0.0,0.0
e180432105,0.0,0.0,0.0,0.0
e192399199192429892,1.0,1.0,1.0,1.0
e192445025,0.0,0.0,0.0,0.0
e180266279,0.0,0.0,0.0,0.0
e156653315,0.0,0.0,0.0,0.0
e20455342,0.0,0.0,0.0,0.0
e147880825,0.0,0.0,0.0,0.0
e192032777,0.0,0.0,0.0,0.0
e192086431,0.0,0.0,0.0,0.0
e180572873149669192180363269,1.0,0.0,0.0,0.0
e192426222,0.0,0.0,0.0,0.0
e192047939,0.0,0.0,0.0,0.0
e192441422,0.0,0.0,0.0,0.0
e180348915,0.0,0.0,0.0,0.0
e146833366,0.0,0.0,0.0,0.0
e180365557,0.0,1.0,1.0,1.0
e144599780,0.0,0.0,0.0,0.0
e192145999,0.0,0.0,0.0,0.0
e147677041,0.0,0.0,0.0,0.0
e192191995,0.0,0.0,0.0,0.0
e180263589,1.0,0.0,1.0,1.0
e23076584,0.0,0.0,0.0,0.0
e182682746,0.0,0.0,0.0,0.0
e149901880,0.0,0.0,1.0,0.0
e28568098,0.0,0.0,0.0,0.0
e192273720,0.0,0.0,0.0,0.0
e150034518,0.0,0.0,0.0,0.0
e192419915192446227,0.0,0.0,0.0,0.0
e192103223,0.0,0.0,0.0,0.0
e192438808,0.0,0.0,0.0,0.0
e180333147,0.0,0.0,0.0,0.0
e192353965,0.0,0.0,0.0,0.0
e180377415,0.0,0.0,0.0,0.0
e150204304,0.0,0.0,0.0,0.0
e31035816,0.0,0.0,0.0,0.0
e192076217,0.0,0.0,0.0,0.0
e192446319,0.0,0.0,0.0,0.0
e180348943,0.0,0.0,0.0,0.0
e145168392,0.0,0.0,0.0,0.0
e149359650,0.0,0.0,0.0,0.0
e192263326,0.0,0.0,0.0,0.0
e192280302,1.0,0.0,1.0,0.0
e192186209192421259192349913150788984,1.0,1.0,1.0,1.0
e191993279,0.0,0.0,0.0,0.0
e149503680,0.0,0.0,0.0,0.0
e149934384180351471,0.0,0.0,1.0,1.0
e192415229,0.0,0.0,0.0,0.0
e148271727149526646192092967,0.0,0.0,0.0,0.0
e145106932,0.0,0.0,0.0,0.0
e29477394,0.0,0.0,0.0,0.0
e150231218,0.0,0.0,0.0,0.0
e141798366,0.0,0.0,0.0,0.0
e3685751019242230518348424151194053143036459141591038146673054180448337,1.0,1.0,1.0,1.0
e179005839192100277,0.0,0.0,0.0,0.0
e22249224,0.0,0.0,0.0,0.0
e148126735122392023410190613831598,0.0,0.0,0.0,0.0
e192423882,0.0,0.0,0.0,0.0
e180656908,0.0,0.0,0.0,0.0
e192259802,0.0,0.0,0.0,0.0
e192317096,1.0,1.0,1.0,1.0
e149199223,0.0,0.0,0.0,0.0
e180350423,0.0,0.0,0.0,0.0
e149340343,0.0,0.0,0.0,0.0
e180376159,0.0,0.0,0.0,0.0
e192089735,0.0,0.0,0.0,0.0
e192191599,0.0,0.0,0.0,0.0
e192336873,0.0,0.0,0.0,0.0
e182834448192444357,0.0,0.0,0.0,0.0
e192198803192441654,0.0,0.0,0.0,0.0
e151143147,0.0,0.0,0.0,0.0
e192444143,0.0,0.0,0.0,0.0
e190737575,0.0,0.0,0.0,0.0
e150309483,0.0,0.0,0.0,0.0
e192262830,0.0,0.0,0.0,0.0
e149569038,1.0,0.0,0.0,0.0
e192423886,0.0,0.0,0.0,0.0
e180323615,0.0,0.0,0.0,0.0
e149664132,0.0,0.0,0.0,0.0
e149532268,0.0,0.0,0.0,0.0
e149386150,0.0,0.0,0.0,0.0
e192444063,0.0,0.0,0.0,0.0
e149793479,0.0,0.0,0.0,0.0
e192187045,0.0,0.0,0.0,0.0
e150369353,0.0,0.0,0.0,0.0
e144323216,0.0,0.0,0.0,0.0
e149162581,0.0,0.0,0.0,0.0
e192445703,0.0,0.0,0.0,0.0
e192371038,1.0,0.0,0.0,0.0
e151138129,0.0,0.0,0.0,0.0
e192191725,0.0,0.0,0.0,0.0
e180610595,1.0,1.0,1.0,0.0
e190015869,0.0,0.0,0.0,0.0
e192446031,0.0,0.0,0.0,0.0
e192440458,0.0,0.0,0.0,0.0
e149934742,0.0,0.0,0.0,0.0
e192081795,0.0,0.0,0.0,0.0
e180351927,0.0,0.0,0.0,0.0
e192246854,0.0,0.0,0.0,0.0
e149856140,0.0,0.0,0.0,0.0
e19234324918041772916787164,1.0,0.0,1.0,1.0
e22724056,0.0,0.0,0.0,0.0
e16470518,0.0,0.0,0.0,0.0
e192297122,0.0,1.0,1.0,0.0
e192445957,0.0,0.0,0.0,0.0
e190737589,0.0,0.0,0.0,0.0
e148742194,0.0,0.0,0.0,0.0
e192420309,0.0,0.0,0.0,0.0
e189593029,0.0,0.0,0.0,0.0
e192445919,0.0,0.0,0.0,0.0
e149262525,0.0,0.0,0.0,0.0
e149388522,0.0,0.0,0.0,0.0
e180357197180357177180357185180357193192390419,1.0,1.0,1.0,1.0
e192446063,0.0,0.0,0.0,0.0
e192425532,0.0,1.0,0.0,1.0
e192394866,1.0,1.0,1.0,1.0
e139183369,0.0,0.0,0.0,0.0
e192444147,0.0,0.0,0.0,0.0
e187901384192425182,0.0,0.0,0.0,0.0
e180618067,0.0,0.0,0.0,0.0
e180367567,0.0,0.0,0.0,0.0
e192445031,0.0,0.0,0.0,0.0
e180323617180548269,0.0,0.0,0.0,0.0
e149536926,0.0,0.0,0.0,0.0
e40926880,0.0,0.0,0.0,0.0
e192344361,1.0,1.0,1.0,1.0
e180377515,0.0,0.0,0.0,0.0
e192426000,0.0,0.0,0.0,0.0
e3219852,0.0,0.0,0.0,0.0
e149533146174427663,0.0,0.0,0.0,0.0
e141392338,0.0,0.0,0.0,0.0
e192074575,0.0,0.0,0.0,0.0
e192422323,1.0,1.0,1.0,1.0
e149252679,0.0,0.0,0.0,0.0
e180364783,0.0,0.0,0.0,0.0
e192445595,0.0,0.0,0.0,0.0
e192445167,0.0,0.0,0.0,0.0
e148664848,0.0,0.0,0.0,0.0
e150479521,0.0,0.0,0.0,0.0
e180634861150891892,0.0,0.0,0.0,0.0
e192068505,0.0,0.0,0.0,0.0
e192084983,0.0,0.0,0.0,0.0
e158553215,0.0,0.0,0.0,0.0
e180548973,1.0,0.0,1.0,1.0
e180346395,0.0,0.0,0.0,0.0
e192192617,0.0,0.0,0.0,0.0
e192207453,0.0,0.0,0.0,0.0
e145792202,0.0,0.0,0.0,0.0
e158553185,0.0,0.0,0.0,0.0
e192295206,0.0,0.0,0.0,0.0
e149779057,0.0,0.0,0.0,0.0
e149298743,0.0,1.0,0.0,1.0
e192444377,0.0,0.0,0.0,0.0
e180495937,0.0,0.0,0.0,0.0
e146396194,0.0,0.0,0.0,0.0
e147157438,0.0,0.0,0.0,0.0
e192007455192007451,0.0,0.0,0.0,0.0
e192189337,0.0,0.0,0.0,0.0
e192423138,0.0,0.0,0.0,0.0
e19592960,0.0,0.0,0.0,0.0
e148686010,0.0,1.0,1.0,0.0
e180664552,0.0,0.0,0.0,0.0
e180365501,0.0,0.0,0.0,0.0
e192227935180373117180365211,1.0,0.0,0.0,1.0
e149958116,0.0,0.0,0.0,0.0
e149905828,1.0,0.0,0.0,0.0
e192082353,0.0,0.0,0.0,0.0
e150372925,0.0,0.0,0.0,0.0
e180362133,0.0,0.0,0.0,0.0
e180519673,0.0,0.0,0.0,0.0
e192425252,0.0,0.0,0.0,0.0
e180349485,1.0,1.0,1.0,1.0
e180694648,1.0,0.0,0.0,1.0
e192108547,0.0,0.0,0.0,0.0
e151188927,0.0,0.0,0.0,0.0
e180430431,0.0,0.0,0.0,0.0
e192423530,0.0,0.0,0.0,0.0
e192076539,1.0,0.0,1.0,0.0
e175694919,0.0,0.0,0.0,0.0
e192443622,0.0,0.0,0.0,0.0
e192198449,0.0,0.0,0.0,0.0
e192107863192108833,0.0,0.0,0.0,0.0
e149894222,1.0,1.0,1.0,1.0
e180562937,0.0,0.0,0.0,0.0
e192371040,0.0,0.0,0.0,0.0
e149390988,0.0,0.0,0.0,0.0
e547194,0.0,0.0,0.0,0.0
e192199239,0.0,0.0,0.0,0.0
e192443967,0.0,0.0,0.0,0.0
e149447874,0.0,0.0,0.0,0.0
e192441980,1.0,1.0,1.0,1.0
e192187113,0.0,0.0,0.0,0.0
e192089407,0.0,0.0,0.0,0.0
e149846726,1.0,0.0,0.0,1.0
e192370079,0.0,0.0,0.0,0.0
e180310477180310479,0.0,0.0,0.0,0.0
e192446443,0.0,0.0,0.0,0.0
e8109794,0.0,0.0,0.0,0.0
e192078687,0.0,0.0,0.0,0.0
e192266432,0.0,0.0,0.0,0.0
e24042238192391864,1.0,1.0,1.0,1.0
e144879856180621319,1.0,1.0,0.0,0.0
e192100359,0.0,0.0,0.0,0.0
e180377411,0.0,0.0,0.0,0.0
e192098753,0.0,0.0,0.0,0.0
e148834512,0.0,0.0,0.0,0.0
e192271976,1.0,0.0,1.0,1.0
e192338007,0.0,0.0,0.0,0.0
e150018208,0.0,0.0,0.0,0.0
e145025714,0.0,0.0,0.0,0.0
e148150989,0.0,0.0,0.0,0.0
e38693842,0.0,0.0,0.0,0.0
e192441424170799859,1.0,1.0,1.0,1.0
e150170920,0.0,0.0,0.0,0.0
e149755233,0.0,0.0,0.0,1.0
e15843766,0.0,0.0,0.0,0.0
e180363141,1.0,0.0,1.0,1.0
e184758564,0.0,0.0,0.0,0.0
e192415349,0.0,0.0,0.0,0.0
e180321831,0.0,0.0,0.0,0.0
e180285055,0.0,0.0,0.0,0.0
e192265696,0.0,0.0,0.0,0.0
e148606008,0.0,0.0,0.0,0.0
e140117855,0.0,0.0,0.0,0.0
e180349405,0.0,0.0,0.0,0.0
e192078655,0.0,0.0,0.0,0.0
e192109801,0.0,0.0,0.0,0.0
e192428070,0.0,1.0,1.0,1.0
e149700712,0.0,0.0,0.0,0.0
e192322660,0.0,0.0,0.0,0.0
e180698114,0.0,0.0,0.0,0.0
e192077145,0.0,0.0,0.0,0.0
e192107891,0.0,0.0,0.0,0.0
e180337151,0.0,0.0,0.0,0.0
e192410197,0.0,0.0,0.0,0.0
e192425526,1.0,1.0,1.0,1.0
e180390463,0.0,0.0,0.0,0.0
e149324199,0.0,0.0,0.0,0.0
e192444119,1.0,0.0,1.0,1.0
e147877755,0.0,0.0,0.0,0.0
e192425050,1.0,1.0,1.0,1.0
e149303795,0.0,0.0,0.0,0.0
e192444345,1.0,1.0,1.0,1.0
e192444479,1.0,1.0,1.0,1.0
e192446425,0.0,0.0,0.0,0.0
e180686532,0.0,0.0,0.0,0.0
e25938850,0.0,0.0,0.0,0.0
e192242470,0.0,0.0,0.0,0.0
e146186576,0.0,0.0,0.0,0.0
e148035963,0.0,0.0,0.0,0.0
e192178077,0.0,0.0,0.0,0.0
e149314291,0.0,0.0,0.0,0.0
e147634165,0.0,0.0,0.0,0.0
e149110795,0.0,0.0,0.0,0.0
e192205221,1.0,0.0,1.0,0.0
e192314862,0.0,0.0,0.0,0.0
e192108659,0.0,0.0,0.0,0.0
e149684354,0.0,0.0,0.0,1.0
e180419451192068511,0.0,0.0,0.0,0.0
e192078605,1.0,1.0,1.0,1.0
e192246020,0.0,0.0,0.0,0.0
e147394056,0.0,0.0,0.0,0.0
e192425222,0.0,0.0,0.0,0.0
e180416047,0.0,0.0,0.0,0.0
e156252631,0.0,0.0,0.0,0.0
e150725276,0.0,0.0,0.0,0.0
e25699918,0.0,0.0,0.0,0.0
e13062316,0.0,0.0,0.0,0.0
e36272488,0.0,0.0,0.0,0.0
e180296119,0.0,0.0,0.0,0.0
e147622707,0.0,0.0,0.0,0.0
e180579969148719308150186074,0.0,0.0,0.0,0.0
e11773544149549888,0.0,0.0,1.0,0.0
e192433850,0.0,0.0,0.0,0.0
e180670408,0.0,0.0,0.0,0.0
e180367243,0.0,0.0,0.0,0.0
e150220872,0.0,0.0,0.0,0.0
e150472269,0.0,0.0,0.0,0.0
e179653245192096385,0.0,1.0,1.0,0.0
e192102241,0.0,0.0,0.0,0.0
e180374571,0.0,0.0,0.0,0.0
e145245628,0.0,0.0,0.0,0.0
e150445917,0.0,0.0,0.0,0.0
e180432103,0.0,0.0,0.0,0.0
e22929404,0.0,0.0,0.0,0.0
e162154423162154419175011823180482891,1.0,1.0,1.0,0.0
e192280144,0.0,0.0,0.0,0.0
e180323547,0.0,0.0,0.0,1.0
e149303157,0.0,0.0,0.0,0.0
e192395862,0.0,0.0,0.0,0.0
e192407340,1.0,1.0,1.0,1.0
e5161880,0.0,0.0,0.0,0.0
e150723268,0.0,0.0,0.0,0.0
e192089415,0.0,0.0,0.0,0.0
e192217355,0.0,0.0,0.0,0.0
e180549635,0.0,0.0,0.0,0.0
e192442620,0.0,0.0,0.0,0.0
e147936751,0.0,0.0,0.0,0.0
e180377547,0.0,0.0,0.0,0.0
e167075751,0.0,0.0,0.0,0.0
e180419741,0.0,0.0,0.0,0.0
e180540687,0.0,0.0,0.0,0.0
e149329665,0.0,0.0,0.0,0.0
e180380281,0.0,1.0,1.0,1.0
e150189318,0.0,0.0,0.0,0.0
e192440782,0.0,0.0,0.0,0.0
e31395760,0.0,0.0,0.0,0.0
e180623585,0.0,0.0,0.0,0.0
e192394212,1.0,1.0,1.0,1.0
e12965930,0.0,0.0,0.0,0.0
e192102577,0.0,0.0,0.0,0.0
e192089539,0.0,0.0,0.0,0.0
e192109233,0.0,0.0,0.0,0.0
e192440270,0.0,0.0,0.0,0.0
e150056684,0.0,0.0,0.0,0.0
e192191787,1.0,0.0,1.0,0.0
e192204481,0.0,0.0,0.0,0.0
e149542924,0.0,0.0,0.0,0.0
e180696136,0.0,0.0,0.0,0.0
e180367853,1.0,0.0,1.0,1.0
e192190485192282022180683640,1.0,0.0,1.0,1.0
e192104019,0.0,0.0,0.0,0.0
e149835512,0.0,0.0,0.0,0.0
e149929466,0.0,0.0,0.0,0.0
e192445589,0.0,0.0,0.0,0.0
e146339722,0.0,0.0,0.0,0.0
e192265162,0.0,0.0,0.0,0.0
e180377659,0.0,0.0,0.0,0.0
e150364767,0.0,0.0,0.0,0.0
e192326319180353643,1.0,1.0,1.0,1.0
e192440206,0.0,0.0,0.0,0.0
e192444379,0.0,0.0,0.0,0.0
e192446567,0.0,0.0,0.0,0.0
e180519821,0.0,0.0,0.0,0.0
e192445045,0.0,0.0,0.0,0.0
e192422704,0.0,0.0,0.0,0.0
e180358455,0.0,0.0,0.0,0.0
e192108687,0.0,0.0,0.0,0.0
e192257678,0.0,0.0,0.0,0.0
e192440212,0.0,0.0,0.0,0.0
e192104555,0.0,0.0,0.0,0.0
e191873025,0.0,0.0,0.0,0.0
e148489361,0.0,0.0,0.0,0.0
e178537127,0.0,0.0,0.0,0.0
e180647033,0.0,0.0,0.0,0.0
e180583657,0.0,0.0,0.0,0.0
e149626060,0.0,0.0,0.0,0.0
e143934123,0.0,0.0,0.0,0.0
e144218602,0.0,0.0,0.0,0.0
e14887824419209207522288026,0.0,0.0,0.0,1.0
e180351933,0.0,0.0,0.0,0.0
e151171395,0.0,0.0,0.0,0.0
e158392191,0.0,0.0,0.0,0.0
e180351701,0.0,0.0,0.0,0.0
e192409967,0.0,0.0,0.0,0.0
e147393342,0.0,0.0,0.0,0.0
e150299173,0.0,0.0,0.0,0.0
e192086455192445893,0.0,0.0,0.0,0.0
e192373826,0.0,0.0,0.0,0.0
e14043122,0.0,0.0,0.0,0.0
e192080287,0.0,0.0,0.0,0.0
e192313036,0.0,0.0,0.0,0.0
e192081779,0.0,0.0,0.0,0.0
e192445681,0.0,0.0,0.0,0.0
e147810173,0.0,0.0,0.0,0.0
e192444957,0.0,0.0,0.0,0.0
e149293653,0.0,0.0,0.0,0.0
e192444429,0.0,0.0,0.0,0.0
e151184659,0.0,0.0,0.0,0.0
e192107889,0.0,0.0,0.0,0.0
e180613389,0.0,0.0,0.0,0.0
e180640383,0.0,0.0,0.0,0.0
e150258994,0.0,0.0,0.0,0.0
e180258819,0.0,0.0,0.0,0.0
e192084969,0.0,0.0,0.0,0.0
e25903286,0.0,0.0,0.0,0.0
e192331587,0.0,0.0,0.0,0.0
e180316457180636667,0.0,0.0,0.0,0.0
e148844638,0.0,0.0,0.0,0.0
e192099065,0.0,0.0,0.0,0.0
e192391946,0.0,0.0,0.0,0.0
e151189513,0.0,0.0,0.0,0.0
e192032745,0.0,0.0,0.0,0.0
e166673181,0.0,0.0,0.0,0.0
e150407965,0.0,0.0,0.0,0.0
e192444459,0.0,0.0,0.0,0.0
e180648693,1.0,1.0,1.0,1.0
e192445673,0.0,0.0,0.0,0.0
e180353869,1.0,1.0,0.0,0.0
e192196517,0.0,0.0,0.0,0.0
e192322850,0.0,0.0,0.0,0.0
e192442832,1.0,1.0,1.0,1.0
e180349407192065375,0.0,1.0,1.0,1.0
e180667086,0.0,1.0,1.0,1.0
e149989194,0.0,0.0,0.0,0.0
e180396041,0.0,0.0,0.0,0.0
e192325208,0.0,0.0,0.0,0.0
e148772914,0.0,0.0,0.0,0.0
e180309283,0.0,1.0,0.0,1.0
e151135989,0.0,0.0,0.0,0.0
e37506284,0.0,0.0,0.0,0.0
e180621713,0.0,0.0,0.0,0.0
e148364935,0.0,0.0,0.0,0.0
e192241884,1.0,1.0,1.0,1.0
e192176321192445861,0.0,0.0,0.0,0.0
e192273284,0.0,0.0,0.0,0.0
e149770801,0.0,0.0,0.0,0.0
e192443727,0.0,0.0,0.0,0.0
e192277526,0.0,0.0,0.0,0.0
e180296037,0.0,0.0,1.0,1.0
e192256398192288118149444062,1.0,1.0,1.0,1.0
e180376175,0.0,0.0,0.0,0.0
e149758387,1.0,1.0,0.0,0.0
e150397301,0.0,0.0,0.0,0.0
e149236071,0.0,0.0,0.0,0.0
e9446724,0.0,0.0,0.0,0.0
e192444613,0.0,0.0,0.0,0.0
e192412283,0.0,0.0,0.0,0.0
e180644217,0.0,0.0,0.0,0.0
e180418599,0.0,0.0,0.0,0.0
e43747190180713596,0.0,0.0,0.0,0.0
e148935106,0.0,0.0,0.0,0.0
e180616367,0.0,0.0,0.0,0.0
e192079299,0.0,0.0,0.0,0.0
e35883066,0.0,0.0,0.0,0.0
e147881283,0.0,0.0,0.0,0.0
e192444373,0.0,0.0,0.0,0.0
e180496249180630403,0.0,0.0,0.0,0.0
e23076586,0.0,0.0,0.0,0.0
e192108271,0.0,0.0,0.0,0.0
e192222153,0.0,0.0,0.0,0.0
e18004331315119233935428638138958647149146623,0.0,1.0,0.0,1.0
e180356953,0.0,0.0,0.0,0.0
e150295097,0.0,0.0,0.0,0.0
e180348907,0.0,0.0,0.0,0.0
e41918892,0.0,0.0,0.0,0.0
e192444457,0.0,0.0,0.0,0.0
e192445849,0.0,0.0,0.0,0.0
e192444007149321519192261000,1.0,1.0,1.0,1.0
e192078585,0.0,0.0,0.0,0.0
e192300776,1.0,1.0,1.0,1.0
e192425680,0.0,0.0,0.0,0.0
e192445127,0.0,0.0,0.0,0.0
e180309277,0.0,0.0,0.0,0.0
e178010397,0.0,0.0,0.0,0.0
e192077147,0.0,0.0,0.0,0.0
e192388617,0.0,0.0,0.0,0.0
e180648779,0.0,0.0,0.0,0.0
e192446321,0.0,0.0,0.0,0.0
e148473373149416072,0.0,1.0,0.0,1.0
e180644735,0.0,0.0,0.0,0.0
e38262240,0.0,0.0,0.0,0.0
e149418350,0.0,0.0,0.0,0.0
e22762444,0.0,0.0,0.0,0.0
e148801022,0.0,0.0,0.0,0.0
e180357653,0.0,1.0,1.0,1.0
e180481133,0.0,0.0,0.0,0.0
e149155441,0.0,0.0,0.0,0.0
e192417953,0.0,0.0,0.0,0.0
e192445715,0.0,0.0,0.0,0.0
e180675948,0.0,0.0,0.0,0.0
e180346387180621895151192101,0.0,0.0,1.0,1.0
e148249623,0.0,0.0,0.0,0.0
e149340493,0.0,0.0,0.0,0.0
e180351183,0.0,0.0,0.0,0.0
e192414725,1.0,1.0,1.0,1.0
e7629448,0.0,0.0,0.0,0.0
e144136579,0.0,0.0,0.0,0.0
e15252926,0.0,0.0,0.0,0.0
e192417021,0.0,0.0,0.0,0.0
e144566174,0.0,0.0,0.0,0.0
e180616135,0.0,0.0,0.0,0.0
e192096151,0.0,0.0,0.0,0.0
e151568087,0.0,0.0,0.0,0.0
e192077481,0.0,0.0,0.0,0.0
e187358388,0.0,0.0,0.0,0.0
e192444465149903864149825120192422780140918746149293819192326727,1.0,1.0,1.0,1.0
e180572351,0.0,0.0,0.0,0.0
e192378464,0.0,0.0,0.0,0.0
e180018313,0.0,0.0,0.0,0.0
e192081763,0.0,0.0,0.0,0.0
e180368257,0.0,0.0,0.0,0.0
e192444941,0.0,0.0,0.0,0.0
e192444477,0.0,0.0,0.0,0.0
e192368595,0.0,0.0,0.0,0.0
e192394654,0.0,0.0,0.0,0.0
e149972054,0.0,0.0,0.0,0.0
e179759277,0.0,0.0,0.0,0.0
e149335465,0.0,0.0,0.0,0.0
e180364601,0.0,0.0,0.0,0.0
e149467828,0.0,0.0,0.0,0.0
e192446055,0.0,0.0,0.0,0.0
e149834630,0.0,0.0,1.0,0.0
e149736974,0.0,0.0,0.0,0.0
e180612965,0.0,0.0,0.0,0.0
e180348003,0.0,0.0,0.0,0.0
e192444861192444867,0.0,0.0,0.0,0.0
e180646797,0.0,0.0,0.0,0.0
e192424188,0.0,0.0,0.0,0.0
e189277415,0.0,0.0,0.0,0.0
e149519974,0.0,0.0,0.0,0.0
e192056841,0.0,0.0,0.0,0.0
e22249226,0.0,0.0,0.0,0.0
e150059202,0.0,0.0,0.0,0.0
e180665850,0.0,0.0,0.0,0.0
e192385942,0.0,0.0,0.0,0.0
e192444409,1.0,1.0,1.0,1.0
e192189907180612905171510053151189751,1.0,0.0,1.0,1.0
e150039316,0.0,0.0,0.0,0.0
e180418521,0.0,1.0,0.0,1.0
e148175005,0.0,0.0,0.0,0.0
e144584938150933642,1.0,1.0,1.0,0.0
e180366629,1.0,0.0,1.0,0.0
e148819034,0.0,0.0,0.0,0.0
e192344403,0.0,0.0,0.0,0.0
e192406748,0.0,0.0,0.0,0.0
e150642875,0.0,0.0,0.0,0.0
e149091551,0.0,0.0,0.0,0.0
e192327561,0.0,0.0,0.0,0.0
e149361046,0.0,0.0,0.0,0.0
e192445685,0.0,0.0,0.0,0.0
e192443805,1.0,1.0,1.0,1.0
e150470491,0.0,0.0,0.0,0.0
e148249125,0.0,1.0,0.0,0.0
e192098973,0.0,0.0,0.0,0.0
e192308728,0.0,0.0,0.0,0.0
e184758556,0.0,0.0,0.0,0.0
e192356409,0.0,0.0,0.0,0.0
e149150883,0.0,0.0,0.0,0.0
e149498978,0.0,0.0,0.0,0.0
e180334771,0.0,1.0,1.0,1.0
e192056835,0.0,0.0,0.0,0.0
e180665852,0.0,0.0,0.0,0.0
e147899199,0.0,0.0,0.0,0.0
e180351003,0.0,0.0,0.0,0.0
e192241900,0.0,0.0,0.0,0.0
e180318095,1.0,0.0,0.0,1.0
e192444135,0.0,0.0,0.0,0.0
e180250711,0.0,0.0,0.0,0.0
e192443328,0.0,0.0,0.0,0.0
e192309608,0.0,1.0,0.0,1.0
e148766588,0.0,0.0,0.0,0.0
e180497169,0.0,0.0,0.0,0.0
e192374126,0.0,0.0,0.0,0.0
e192445887,0.0,0.0,0.0,0.0
e180650973,0.0,0.0,0.0,0.0
e180452871,0.0,0.0,0.0,0.0
e192421269,1.0,1.0,0.0,1.0
e180593883,0.0,0.0,0.0,0.0
e192425742,0.0,0.0,0.0,0.0
e177466751,0.0,0.0,0.0,0.0
e192302922,0.0,0.0,0.0,0.0
e192219423,0.0,0.0,0.0,0.0
e8587560,0.0,0.0,0.0,0.0
e192320836,0.0,0.0,0.0,0.0
e180299905,0.0,0.0,0.0,0.0
e144816532,0.0,0.0,0.0,0.0
e192313028,0.0,0.0,0.0,0.0
e40792614,0.0,0.0,0.0,0.0
e192185841,0.0,0.0,0.0,0.0
e192369579,0.0,0.0,0.0,0.0
e192083205,0.0,0.0,0.0,0.0
e150034316,0.0,0.0,0.0,0.0
e149809828,0.0,0.0,0.0,0.0
e180637611,0.0,0.0,0.0,0.0
e14222522,0.0,0.0,0.0,0.0
e180560611,0.0,0.0,0.0,0.0
e192385570,0.0,0.0,0.0,0.0
e149088235,0.0,0.0,0.0,0.0
e180630543,0.0,0.0,0.0,0.0
e147085346,0.0,0.0,0.0,0.0
e192218689,0.0,0.0,0.0,0.0
e148885854,0.0,0.0,0.0,0.0
e15119008715656648,0.0,0.0,0.0,0.0
e192281684,0.0,0.0,0.0,0.0
e192395504,0.0,0.0,0.0,0.0
e149455812,0.0,0.0,0.0,0.0
e180352107,0.0,0.0,0.0,0.0
e139658689,0.0,0.0,0.0,0.0
e148683128,0.0,0.0,0.0,0.0
e180706012,0.0,0.0,0.0,0.0
e192445891,0.0,0.0,0.0,0.0
e192443685,0.0,0.0,0.0,0.0
e192445841,0.0,0.0,0.0,0.0
e192443779,0.0,0.0,0.0,0.0
e180272795,0.0,0.0,0.0,0.0
e37054250,0.0,0.0,0.0,0.0
e180709780,1.0,1.0,1.0,1.0
e174427661,0.0,0.0,0.0,0.0
e140696768,0.0,0.0,0.0,0.0
e192368093,0.0,0.0,0.0,0.0
e146116706,0.0,0.0,0.0,0.0
e176649269,0.0,0.0,0.0,0.0
e141631462,0.0,0.0,0.0,0.0
e192081943,0.0,0.0,0.0,0.0
e192336029192176313,0.0,0.0,0.0,0.0
e192349777,1.0,1.0,1.0,1.0
e192327403,0.0,0.0,0.0,0.0
e192416191,1.0,1.0,1.0,1.0
e180534829,0.0,0.0,0.0,0.0
e192416877,0.0,0.0,0.0,0.0
e192398589,0.0,0.0,0.0,0.0
e16995696,0.0,0.0,0.0,0.0
e192078593,0.0,0.0,0.0,0.0
e148830328192348957,1.0,1.0,1.0,1.0
e192356479,0.0,0.0,0.0,0.0
e192444653,0.0,0.0,0.0,0.0
e148750434,0.0,0.0,0.0,0.0
e147670195,0.0,0.0,0.0,0.0
e192261186,0.0,0.0,0.0,0.0
e192377598,0.0,0.0,0.0,0.0
e150837554,0.0,1.0,0.0,1.0
e150081934,0.0,0.0,0.0,0.0
e150147712,0.0,0.0,0.0,0.0
e180262021,0.0,1.0,0.0,1.0
e180503793,0.0,0.0,0.0,0.0
e180376179,0.0,0.0,0.0,0.0
e192374706,0.0,0.0,0.0,0.0
e192406048,0.0,0.0,0.0,0.0
e192323032,0.0,0.0,0.0,0.0
e192194595,0.0,0.0,1.0,1.0
e148820428,0.0,0.0,0.0,0.0
e180352853,0.0,0.0,0.0,0.0
e36427490,0.0,0.0,0.0,0.0
e180310459,0.0,0.0,0.0,0.0
e180933976,0.0,0.0,0.0,0.0
e146933656,0.0,0.0,0.0,0.0
e192443308,0.0,0.0,0.0,0.0
e192443330,0.0,0.0,0.0,0.0
e180611193,0.0,0.0,0.0,0.0
e192340939,1.0,1.0,1.0,1.0
e150149006,0.0,0.0,0.0,0.0
e180355693,0.0,0.0,0.0,0.0
e180376717,0.0,0.0,0.0,0.0
e192438648,0.0,0.0,0.0,0.0
e192426318,0.0,0.0,0.0,0.0
e3967954180698766,0.0,0.0,0.0,0.0
e180018315,0.0,0.0,0.0,0.0
e3566794,0.0,0.0,0.0,0.0
e179766293,0.0,0.0,1.0,1.0
e150255866,0.0,0.0,0.0,0.0
e180385903,0.0,0.0,0.0,0.0
e149861838,0.0,0.0,0.0,0.0
e192247032,0.0,0.0,0.0,0.0
e192312590,1.0,1.0,1.0,1.0
e192445429,0.0,0.0,0.0,0.0
e180317753,0.0,1.0,0.0,1.0
e144932170,0.0,0.0,0.0,0.0
e192446277,0.0,0.0,0.0,0.0
e180362879180362881,0.0,0.0,0.0,0.0
e192445593,0.0,0.0,0.0,0.0
e180152663,1.0,1.0,0.0,0.0
e23734402,0.0,0.0,0.0,0.0
e192323376,0.0,0.0,0.0,0.0
e180309139180680264,1.0,0.0,0.0,0.0
e192220957,0.0,0.0,0.0,0.0
e146316484,0.0,0.0,0.0,0.0
e148196537,0.0,0.0,0.0,0.0
e147968327,0.0,0.0,0.0,0.0
e192323774,0.0,0.0,0.0,0.0
e192445963,0.0,0.0,0.0,0.0
e149474942,0.0,0.0,0.0,1.0
e192222563,1.0,1.0,1.0,1.0
e192250942,1.0,0.0,1.0,1.0
e179472209,0.0,0.0,0.0,0.0
e192373648150446699,0.0,0.0,0.0,0.0
e192446229,0.0,0.0,0.0,0.0
e191794147192423716,0.0,0.0,0.0,0.0
e15436850,0.0,0.0,0.0,0.0
e151189131,0.0,0.0,0.0,0.0
e168879131,0.0,0.0,0.0,0.0
e180618427,0.0,0.0,0.0,0.0
e192076583,0.0,0.0,0.0,0.0
e192346985,0.0,0.0,0.0,0.0
e180336227,0.0,0.0,0.0,0.0
e192446249,0.0,0.0,0.0,0.0
e192429118,1.0,1.0,1.0,1.0
e192347319,0.0,0.0,0.0,0.0
e180299933,0.0,0.0,0.0,0.0
e192443310,0.0,0.0,0.0,0.0
e180243139,0.0,0.0,0.0,0.0
e180566539,0.0,0.0,0.0,0.0
e180366555,0.0,0.0,0.0,0.0
e149941030,0.0,0.0,0.0,0.0
e192098751,0.0,0.0,0.0,0.0
e192277824192067355,0.0,0.0,0.0,0.0
e149296887,0.0,0.0,0.0,0.0
e157299665,0.0,0.0,0.0,0.0
e192442284,0.0,0.0,0.0,0.0
e180365613,0.0,0.0,0.0,0.0
e188973020,0.0,0.0,0.0,0.0
e148677066,0.0,0.0,0.0,0.0
e192192613,0.0,0.0,0.0,0.0
e178010405,0.0,0.0,0.0,0.0
e180155837,0.0,0.0,0.0,0.0
e192422227,0.0,0.0,0.0,0.0
e180255813,0.0,0.0,0.0,0.0
e180540729,0.0,0.0,0.0,0.0
e19156594,0.0,0.0,0.0,0.0
e180346643,0.0,0.0,0.0,0.0
e192444645,0.0,0.0,0.0,0.0
e180688948,0.0,0.0,0.0,0.0
e192405484,0.0,0.0,0.0,0.0
e149976604,0.0,0.0,0.0,0.0
e11008838,0.0,0.0,0.0,0.0
e25166278145824482,0.0,0.0,0.0,0.0
e192360289,0.0,0.0,0.0,0.0
e192257344,0.0,0.0,0.0,0.0
e43191202,0.0,0.0,0.0,0.0
e12536426,0.0,0.0,0.0,0.0
e192443630192443638192443689,0.0,0.0,0.0,0.0
e192318510,0.0,0.0,0.0,0.0
e192375182,1.0,1.0,1.0,1.0
e180662472,0.0,0.0,0.0,0.0
e178821005,0.0,0.0,0.0,0.0
e192108033,0.0,0.0,0.0,0.0
e148554396,0.0,0.0,0.0,0.0
e180377599,0.0,0.0,0.0,0.0
e192091025,0.0,0.0,0.0,0.0
e180360335,0.0,0.0,0.0,0.0
e180649145,0.0,0.0,0.0,0.0
e192445029,0.0,0.0,0.0,0.0
e180579529145265640,0.0,0.0,0.0,0.0
e180371537,1.0,0.0,1.0,0.0
e190737583,0.0,0.0,0.0,0.0
e192108531,0.0,0.0,0.0,0.0
e180707198,0.0,0.0,0.0,0.0
e180345243192442984,1.0,1.0,1.0,1.0
e192102593,0.0,0.0,0.0,0.0
e26734598,0.0,0.0,0.0,0.0
e192426268,0.0,0.0,0.0,0.0
e180344567,1.0,0.0,1.0,0.0
e147737463139606597145594062,0.0,1.0,0.0,1.0
e148961060,0.0,0.0,0.0,0.0
e180273017,0.0,0.0,0.0,0.0
e192193505,0.0,0.0,0.0,0.0
e150042934,0.0,0.0,0.0,0.0
e180369573,1.0,0.0,1.0,1.0
e148305575,0.0,0.0,0.0,0.0
e14673238215057108538019374,1.0,0.0,0.0,0.0
e180577591,0.0,0.0,0.0,0.0
e149004187,0.0,0.0,0.0,0.0
e192063433,0.0,0.0,0.0,0.0
e192373758,1.0,1.0,1.0,1.0
e180303279,0.0,0.0,0.0,0.0
e192197331192079181,0.0,0.0,0.0,0.0
e192388040,0.0,0.0,0.0,0.0
e14393768,0.0,0.0,0.0,0.0
e192444385,1.0,0.0,1.0,1.0
e180497665,0.0,0.0,0.0,0.0
e151185523,0.0,0.0,0.0,1.0
e192444605,0.0,0.0,0.0,0.0
e192094803,0.0,0.0,0.0,0.0
e192445717,0.0,0.0,0.0,0.0
e180437859,0.0,0.0,0.0,0.0
e192086459,0.0,0.0,0.0,0.0
e192405244,1.0,1.0,1.0,1.0
e149423530,0.0,0.0,0.0,0.0
e192425618,0.0,0.0,0.0,0.0
e192308804,0.0,0.0,0.0,0.0
e180457913148533361,0.0,0.0,1.0,0.0
e192058037,0.0,0.0,0.0,0.0
e180558987,0.0,0.0,0.0,0.0
e180347865,0.0,0.0,0.0,0.0
e180605627,0.0,0.0,0.0,0.0
e192341141,1.0,1.0,1.0,1.0
e146629718,0.0,0.0,0.0,0.0
e192089399,0.0,0.0,0.0,0.0
e22249220,0.0,0.0,0.0,0.0
e192423008,1.0,1.0,1.0,1.0
e192444723,1.0,1.0,1.0,1.0
e15656650,0.0,0.0,0.0,0.0
e192324646,0.0,0.0,0.0,0.0
e180360739,1.0,0.0,0.0,0.0
e150543595,0.0,0.0,1.0,1.0
e192444973,0.0,0.0,0.0,0.0
e192265990,0.0,0.0,0.0,0.0
e150827470,0.0,0.0,0.0,0.0
e180578095180356843,1.0,0.0,1.0,0.0
e192445743192445745180447397155050073192261980151193581139814143,1.0,1.0,1.0,1.0
e192054521,0.0,0.0,1.0,1.0
e148633894,0.0,0.0,0.0,0.0
e149694810,0.0,0.0,0.0,1.0
e192435604192371378,0.0,0.0,0.0,0.0
e150208596,0.0,0.0,0.0,0.0
e192320032,0.0,0.0,0.0,0.0
e149363834,0.0,0.0,0.0,0.0
e149768173,0.0,0.0,0.0,0.0
e192437426,0.0,0.0,0.0,0.0
e180641567,0.0,0.0,0.0,0.0
e180606897,0.0,0.0,0.0,0.0
e192351025192186183180376119,1.0,1.0,1.0,1.0
e192215583,0.0,0.0,0.0,0.0
e180675976,0.0,0.0,0.0,0.0
e145813944,0.0,0.0,0.0,0.0
e143174197,0.0,0.0,0.0,0.0
e192244232,0.0,0.0,0.0,0.0
e149333403,0.0,0.0,1.0,1.0
e144458066146569166,0.0,0.0,0.0,0.0
e147038454,0.0,0.0,0.0,0.0
e148804466149127541,1.0,0.0,0.0,0.0
e180346419,0.0,0.0,0.0,0.0
e180629133,0.0,0.0,0.0,0.0
e150090864,0.0,0.0,0.0,0.0
e148407575,0.0,0.0,0.0,0.0
e192446241,0.0,0.0,0.0,0.0
e179876739,0.0,0.0,0.0,0.0
e150839028,0.0,0.0,0.0,0.0
e192422826,1.0,1.0,1.0,1.0
e192366233,1.0,1.0,1.0,1.0
e149464870146955934,0.0,0.0,0.0,0.0
e192193577,0.0,0.0,0.0,0.0
e148126839,0.0,0.0,0.0,0.0
e149093097,0.0,0.0,0.0,0.0
e150366879,0.0,0.0,0.0,0.0
e179490645,0.0,0.0,0.0,0.0
e192445129,0.0,0.0,0.0,0.0
e192080941,1.0,0.0,1.0,1.0
e180481553,0.0,0.0,0.0,0.0
e150710907,0.0,0.0,0.0,0.0
e148072391,0.0,0.0,0.0,0.0
e192267422,0.0,0.0,0.0,1.0
e150608101,0.0,0.0,0.0,0.0
e148040357,0.0,0.0,0.0,0.0
e180388503,0.0,0.0,0.0,0.0
e150481149,0.0,0.0,0.0,0.0
e18149178,0.0,0.0,0.0,0.0
e192377496,0.0,0.0,0.0,0.0
e180612261,0.0,0.0,0.0,0.0
e192373252,0.0,0.0,0.0,0.0
e29777220,0.0,0.0,0.0,0.0
e192260816,0.0,0.0,0.0,0.0
e180586545,0.0,0.0,0.0,0.0
e192209401,1.0,1.0,1.0,1.0
e180602263,0.0,0.0,0.0,0.0
e192443747,0.0,0.0,0.0,0.0
e192353313,0.0,0.0,0.0,0.0
e192446151,0.0,0.0,0.0,0.0
e150216192,0.0,0.0,0.0,0.0
e192445565,0.0,0.0,0.0,0.0
e4762724,0.0,0.0,0.0,0.0
e148901282,0.0,0.0,0.0,0.0
e145188164,0.0,0.0,0.0,0.0
e149057335,0.0,0.0,0.0,0.0
e35455498192342643,1.0,1.0,1.0,1.0
e192056827,0.0,0.0,0.0,0.0
e192355357150798670,0.0,0.0,0.0,0.0
e147332616,0.0,0.0,0.0,0.0
e192244350,0.0,0.0,0.0,0.0
e180694092,0.0,0.0,0.0,0.0
e149986338,0.0,0.0,0.0,0.0
e149808660,0.0,0.0,0.0,0.0
e170336473,0.0,0.0,0.0,0.0
e180377635,0.0,0.0,0.0,0.0
e192098017,0.0,0.0,0.0,0.0
e192103213,0.0,0.0,0.0,0.0
e149299785,0.0,0.0,0.0,0.0
e148528879,0.0,0.0,0.0,0.0
e17135422518023656718023656926706180180203625,0.0,1.0,0.0,1.0
e150318751,0.0,0.0,0.0,0.0
e180579531,0.0,0.0,0.0,0.0
e192192129,0.0,0.0,0.0,0.0
e151196653,0.0,0.0,0.0,1.0
e192448413,0.0,1.0,0.0,0.0
e180643123148513583,0.0,0.0,0.0,0.0
e192444397,1.0,1.0,1.0,1.0
e149019265,0.0,0.0,0.0,0.0
e149369452180328993,0.0,0.0,0.0,1.0
e138918217,0.0,0.0,0.0,0.0
e151190321,1.0,0.0,0.0,0.0
e140644400,0.0,0.0,0.0,0.0
e18057814114935080416867148192187877,0.0,0.0,1.0,0.0
e192422696,0.0,0.0,0.0,0.0
e180637071,0.0,0.0,0.0,0.0
e148561794,0.0,0.0,0.0,0.0
e192089935,0.0,0.0,0.0,0.0
e147741807,0.0,0.0,0.0,0.0
e192426152,0.0,0.0,0.0,0.0
e192195435180351523180351529,0.0,0.0,0.0,0.0
e192428930,0.0,0.0,0.0,0.0
e192105353,0.0,0.0,1.0,1.0
e180545433,0.0,1.0,1.0,0.0
e148450721,0.0,0.0,0.0,0.0
e192092013,1.0,1.0,1.0,1.0
e192440456,0.0,0.0,0.0,0.0
e150186504,0.0,0.0,0.0,0.0
e180353465,0.0,0.0,0.0,0.0
e180492191,0.0,0.0,0.0,0.0
e178559719,0.0,0.0,0.0,0.0
e192292650,0.0,0.0,0.0,0.0
e192418651,0.0,0.0,0.0,0.0
e192445151,0.0,0.0,0.0,0.0
e155882113,0.0,0.0,0.0,0.0
e192391287,0.0,0.0,0.0,0.0
e43912938,0.0,0.0,0.0,0.0
e179889199,0.0,0.0,0.0,0.0
e146417022,0.0,0.0,0.0,0.0
e1058590,0.0,0.0,0.0,0.0
e192101799,0.0,0.0,0.0,0.0
e192369505,0.0,0.0,0.0,0.0
e151192245,0.0,0.0,0.0,0.0
e149538644,1.0,0.0,0.0,0.0
e180663714,0.0,0.0,0.0,0.0
e149392846,0.0,0.0,0.0,0.0
e180423317,0.0,0.0,0.0,0.0
e148722026,0.0,0.0,0.0,0.0
e192423102,0.0,0.0,0.0,0.0
e192410289,0.0,0.0,0.0,0.0
e180598701,0.0,0.0,0.0,0.0
e192424660,0.0,0.0,0.0,0.0
e150130148,0.0,0.0,0.0,0.0
e149498918,0.0,0.0,0.0,0.0
e150113936,0.0,0.0,0.0,0.0
e192076229,0.0,0.0,0.0,0.0
e192291062,0.0,0.0,0.0,0.0
e189017099,0.0,0.0,1.0,1.0
e192395876,0.0,0.0,0.0,0.0
e151165429,1.0,1.0,0.0,1.0
e142994179,0.0,0.0,0.0,0.0
e147695697,0.0,0.0,0.0,0.0
e192446307,0.0,0.0,0.0,0.0
e192274290192425498,0.0,0.0,0.0,0.0
e148289303,0.0,0.0,0.0,0.0
e144412234,0.0,0.0,0.0,0.0
e192110575,0.0,0.0,0.0,0.0
e178057269,0.0,0.0,0.0,0.0
e31730016,0.0,0.0,0.0,0.0
e192318436,0.0,0.0,0.0,0.0
e180642259,0.0,0.0,0.0,0.0
e192445557,0.0,0.0,0.0,0.0
e192428540,0.0,0.0,0.0,0.0
e180371637,0.0,0.0,0.0,0.0
e15040132741502260,1.0,0.0,0.0,0.0
e192446039,0.0,0.0,0.0,0.0
e145011314,0.0,0.0,0.0,0.0
e180288007180347645,0.0,0.0,1.0,1.0
e149595164,0.0,0.0,0.0,0.0
e192330465,0.0,0.0,0.0,0.0
e165940369,0.0,0.0,0.0,0.0
e192405060,1.0,1.0,1.0,1.0
e39303862,0.0,0.0,0.0,0.0
e180690502,0.0,0.0,0.0,0.0
e149503642,0.0,0.0,0.0,0.0
e180666256,0.0,0.0,0.0,0.0
e192424992,1.0,1.0,0.0,1.0
e28611840,0.0,0.0,0.0,0.0
e38773966,0.0,0.0,0.0,0.0
e180356633,0.0,0.0,0.0,0.0
e180738392,0.0,0.0,0.0,0.0
e192197859,0.0,0.0,0.0,0.0
e150196956,0.0,0.0,0.0,0.0
e179911449,0.0,0.0,0.0,0.0
e180514209,0.0,0.0,0.0,0.0
e149474284,0.0,0.0,0.0,0.0
e192089635,0.0,0.0,0.0,0.0
e192324558,0.0,0.0,0.0,0.0
e192334079,1.0,1.0,1.0,1.0
e192426332192426262,0.0,0.0,0.0,0.0
e180351785,0.0,0.0,0.0,0.0
e192007453,0.0,0.0,0.0,0.0
e149193153,0.0,0.0,0.0,0.0
e192279974,0.0,0.0,0.0,0.0
e149412182,0.0,0.0,0.0,0.0
e180625137,1.0,1.0,0.0,1.0
e180470169,0.0,0.0,0.0,0.0
e192445857,0.0,0.0,0.0,0.0
e157161539,0.0,0.0,0.0,0.0
e192198569,0.0,0.0,0.0,0.0
e192238892,0.0,0.0,0.0,0.0
e192424488,0.0,0.0,0.0,0.0
e180413385,1.0,1.0,1.0,1.0
e180377381,0.0,0.0,0.0,0.0
e16102790,0.0,0.0,0.0,0.0
e150061932,0.0,0.0,0.0,0.0
e192287076,0.0,0.0,0.0,0.0
e147234366,0.0,0.0,0.0,0.0
e149121441,0.0,0.0,0.0,0.0
e192425400,0.0,0.0,0.0,0.0
e150184394,0.0,0.0,0.0,0.0
e192191785,0.0,0.0,0.0,0.0
e149771269,0.0,0.0,0.0,0.0
e180677790,0.0,0.0,0.0,0.0
e192246148,1.0,1.0,1.0,1.0
e180642333,0.0,0.0,0.0,0.0
e150009926,0.0,0.0,0.0,0.0
e37429810,0.0,0.0,0.0,0.0
e180312635432053827163308192410729,0.0,0.0,0.0,0.0
e150257464,0.0,0.0,1.0,1.0
e150094400,0.0,0.0,0.0,0.0
e145805380,0.0,0.0,0.0,0.0
e180550641,0.0,0.0,0.0,0.0
e192444629,0.0,0.0,0.0,0.0
e192178101,0.0,0.0,0.0,0.0
e190015861,0.0,0.0,0.0,0.0
e192424768,0.0,0.0,0.0,0.0
e192443018,1.0,1.0,1.0,1.0
e192446293,0.0,0.0,0.0,0.0
e149001195,0.0,0.0,0.0,0.0
e192076201,0.0,0.0,0.0,0.0
e149465754,0.0,0.0,0.0,0.0
e180701888,0.0,0.0,0.0,0.0
e180341001,0.0,0.0,0.0,0.0
e145034528,0.0,0.0,0.0,0.0
e192446091,0.0,0.0,0.0,0.0
e192192179,0.0,0.0,0.0,0.0
e192405412,0.0,0.0,0.0,0.0
e180100617,0.0,0.0,0.0,0.0
e192446285,0.0,0.0,0.0,0.0
e192305038,0.0,0.0,0.0,0.0
e35528080,0.0,0.0,0.0,0.0
e149654650,0.0,0.0,0.0,0.0
e149573588,0.0,0.0,0.0,0.0
e192093281,1.0,0.0,1.0,1.0
e153147703,0.0,0.0,0.0,0.0
e5154162,0.0,0.0,0.0,0.0
e192446405,0.0,0.0,0.0,0.0
e142440577150548373,1.0,0.0,0.0,0.0
e148632952,0.0,0.0,0.0,0.0
e180342945180363775180541469192205999151191869,1.0,1.0,1.0,1.0
e145667986,0.0,0.0,0.0,0.0
e147641645,0.0,0.0,0.0,0.0
e180606681,0.0,0.0,0.0,0.0
e149144891,0.0,0.0,0.0,0.0
e149224033,0.0,1.0,0.0,1.0
e192425668,1.0,1.0,1.0,1.0
e180640573,0.0,0.0,0.0,0.0
e192347515,0.0,0.0,0.0,0.0
e149637356,0.0,0.0,0.0,0.0
e180205851,0.0,0.0,0.0,0.0
e150777964,0.0,0.0,0.0,0.0
e180676852,0.0,0.0,0.0,0.0
e145545812,0.0,0.0,0.0,0.0
e150507363,0.0,0.0,0.0,0.0
e148152975,0.0,0.0,0.0,0.0
e180688980,0.0,0.0,0.0,0.0
e192445863,0.0,0.0,0.0,0.0
e180346401151191501,0.0,1.0,1.0,1.0
e149247087,0.0,0.0,0.0,0.0
e192084723,0.0,0.0,0.0,0.0
e192234615144405500180374577,1.0,1.0,1.0,1.0
e158392199,0.0,0.0,0.0,0.0
e149844898,0.0,0.0,0.0,0.0
e146208450,0.0,0.0,0.0,0.0
e180658590,0.0,1.0,0.0,1.0
e192442254,1.0,1.0,1.0,1.0
e192309326,0.0,0.0,0.0,0.0
e180363977,0.0,0.0,0.0,0.0
e153659633,0.0,0.0,0.0,0.0
e150748020192357505,0.0,0.0,0.0,0.0
e150420831,0.0,0.0,0.0,0.0
e180613649,0.0,0.0,0.0,0.0
e147465718,0.0,0.0,0.0,0.0
e180833392,0.0,0.0,0.0,0.0
e150864084,0.0,1.0,1.0,0.0
e12642044,0.0,0.0,0.0,0.0
e192074573,0.0,0.0,0.0,0.0
e156828939,0.0,0.0,0.0,0.0
e192316552,1.0,1.0,1.0,1.0
e192442286,0.0,0.0,0.0,0.0
e192424472,0.0,0.0,0.0,0.0
e192322354,0.0,0.0,0.0,0.0
e180369767,1.0,1.0,1.0,1.0
e192220377,0.0,0.0,0.0,0.0
e192445209,0.0,0.0,0.0,0.0
e147985571,0.0,0.0,0.0,0.0
e149948548,0.0,0.0,0.0,0.0
e25166274,0.0,0.0,0.0,0.0
e192446445,0.0,0.0,0.0,0.0
e180369145149836776,0.0,0.0,0.0,0.0
e192084961,0.0,0.0,0.0,0.0
e148489099,0.0,0.0,0.0,0.0
e143596241,0.0,0.0,0.0,0.0
e180864612,0.0,0.0,0.0,0.0
e192081787,0.0,0.0,0.0,0.0
e192103255,1.0,0.0,0.0,1.0
e38773970,0.0,0.0,0.0,0.0
e192409115,1.0,1.0,1.0,1.0
e146812536,0.0,0.0,0.0,0.0
e180370619,0.0,0.0,0.0,0.0
e180353941,0.0,0.0,0.0,0.0
e180362485,1.0,1.0,1.0,1.0
e180618065,0.0,0.0,0.0,0.0
e192344653,0.0,0.0,0.0,0.0
e180489191,0.0,0.0,0.0,0.0
e192195765192195763,0.0,0.0,0.0,0.0
e192347121,0.0,0.0,0.0,0.0
e180610493,0.0,0.0,0.0,0.0
e19242110115927126192414403150636185180272979,1.0,1.0,1.0,1.0
e163237943,0.0,0.0,0.0,0.0
e192381622,0.0,0.0,0.0,0.0
e192446581,0.0,0.0,0.0,0.0
e137930094,0.0,0.0,0.0,0.0
e192397843,0.0,0.0,0.0,0.0
e149458614,0.0,0.0,0.0,0.0
e147981467,0.0,0.0,0.0,0.0
e146096010,0.0,0.0,0.0,0.0
e192102591,0.0,0.0,0.0,0.0
e149342724,0.0,0.0,0.0,0.0
e15436846,0.0,0.0,0.0,0.0
e180684806,0.0,0.0,0.0,0.0
e25168648180616599,0.0,0.0,0.0,0.0
e147624567,0.0,0.0,0.0,0.0
e192444453,0.0,0.0,0.0,0.0
e192406584,0.0,0.0,0.0,0.0
e148350839,0.0,0.0,0.0,0.0
e180365213,0.0,0.0,0.0,0.0
e192340255,0.0,0.0,0.0,0.0
e149814954,0.0,0.0,0.0,0.0
e35579082,0.0,0.0,0.0,0.0
e145732710,0.0,0.0,0.0,0.0
e148828622,0.0,0.0,0.0,0.0
e148017709,0.0,0.0,0.0,0.0
e180326865,0.0,0.0,0.0,0.0
e192086735,0.0,0.0,0.0,0.0
e192219501,1.0,1.0,1.0,1.0
e192424164,0.0,0.0,0.0,0.0
e180367855,0.0,0.0,0.0,0.0
e149607782,0.0,0.0,0.0,0.0
e192322212,0.0,0.0,0.0,0.0
e150308385,0.0,0.0,0.0,0.0
e150641019180346481180346479150366295146346708,0.0,1.0,1.0,1.0
e150160070,0.0,0.0,0.0,0.0
e192264790,0.0,0.0,0.0,0.0
e192231161,0.0,0.0,0.0,0.0
e180496157,0.0,0.0,0.0,0.0
e180498177,0.0,0.0,0.0,0.0
e192173181,0.0,0.0,0.0,0.0
e180297739,0.0,0.0,0.0,0.0
e150103642,0.0,0.0,0.0,0.0
e149939368,0.0,0.0,0.0,0.0
e34783600,0.0,0.0,0.0,0.0
e180562197,0.0,0.0,0.0,0.0
e180676850,0.0,0.0,0.0,0.0
e180032919,1.0,1.0,1.0,0.0
e192445619,0.0,0.0,0.0,0.0
e192413373,0.0,0.0,0.0,0.0
e148706480,0.0,0.0,0.0,0.0
e192173183,0.0,0.0,0.0,0.0
e180043883,0.0,0.0,0.0,0.0
e192047987,0.0,0.0,0.0,0.0
e192193503,0.0,0.0,0.0,0.0
e149375586,1.0,0.0,0.0,1.0
e192079165,0.0,0.0,0.0,0.0
e180654132,0.0,0.0,0.0,0.0
e18064729931738192,0.0,0.0,0.0,0.0
e192199713,1.0,0.0,1.0,0.0
e192089417,0.0,0.0,0.0,0.0
e192413607,0.0,0.0,0.0,0.0
e180359523,0.0,0.0,0.0,0.0
e180611961,1.0,0.0,1.0,0.0
e180359401192442912,1.0,1.0,1.0,1.0
e192406846,0.0,0.0,0.0,0.0
e192441466,1.0,0.0,1.0,1.0
e192439896,1.0,0.0,1.0,0.0
e151195901,0.0,0.0,0.0,0.0
e192281556,1.0,0.0,1.0,0.0
e144886356,1.0,0.0,0.0,0.0
e149617578,0.0,0.0,0.0,0.0
e192444987,0.0,0.0,0.0,0.0
e176747243,0.0,0.0,0.0,0.0
e150020446,0.0,0.0,0.0,0.0
e192423620,0.0,0.0,0.0,0.0
e7659146151077648138283614,1.0,0.0,0.0,0.0
e192360915,1.0,1.0,1.0,0.0
e192089743,0.0,0.0,0.0,0.0
e192076575,0.0,0.0,0.0,0.0
e149933526,0.0,0.0,0.0,0.0
e147772567,0.0,0.0,0.0,0.0
e192445927,0.0,0.0,0.0,0.0
e179699329,0.0,0.0,0.0,0.0
e192422005,1.0,0.0,1.0,1.0
e163237945,0.0,0.0,0.0,0.0
e192381480,0.0,0.0,0.0,0.0
e180526617,0.0,0.0,0.0,0.0
e180364781149220999,0.0,0.0,0.0,0.0
e192426224,0.0,0.0,0.0,0.0
e1794799436218680,1.0,1.0,1.0,1.0
e148391997,0.0,0.0,0.0,0.0
e192270844,1.0,0.0,1.0,1.0
e192089751,0.0,0.0,0.0,0.0
e149271821,0.0,0.0,0.0,0.0
e149356856,0.0,0.0,0.0,0.0
e147699443,0.0,0.0,0.0,0.0
e26948466,0.0,0.0,0.0,0.0
e192328583,0.0,0.0,0.0,0.0
e192189805,0.0,0.0,0.0,0.0
e19168660,0.0,0.0,0.0,0.0
e192104389,0.0,0.0,0.0,0.0
e192435994,0.0,0.0,0.0,0.0
e192356515,0.0,0.0,0.0,0.0
e192078601,0.0,0.0,0.0,0.0
e192277612,0.0,0.0,0.0,0.0
e192445611,0.0,0.0,0.0,0.0
e149367964,0.0,0.0,0.0,0.0
e192076161,0.0,0.0,0.0,0.0
e192424208,0.0,0.0,0.0,0.0
e151195301,0.0,0.0,0.0,0.0
e42545182,0.0,0.0,0.0,0.0
e187358394,0.0,0.0,0.0,0.0
e37144232,0.0,0.0,0.0,0.0
e180314183,0.0,0.0,0.0,0.0
e178912019178912025192191723,0.0,0.0,0.0,0.0
e192096383,0.0,0.0,0.0,0.0
e180624183,0.0,0.0,0.0,0.0
e180426259,0.0,0.0,0.0,0.0
e147673659,0.0,0.0,0.0,0.0
e1955112,0.0,0.0,0.0,0.0
e192076231,0.0,0.0,0.0,0.0
e144144689,0.0,0.0,0.0,0.0
e149480860,0.0,0.0,0.0,0.0
e180355873,0.0,0.0,0.0,0.0
e192091279,0.0,0.0,0.0,0.0
e180361881,0.0,0.0,0.0,0.0
e192095529,0.0,0.0,0.0,0.0
e192398263,0.0,0.0,0.0,0.0
e150182010,0.0,0.0,0.0,0.0
e149994060150379697,0.0,0.0,0.0,0.0
e180549151,0.0,0.0,0.0,0.0
e156271363,0.0,0.0,0.0,0.0
e148000593,0.0,0.0,0.0,0.0
e148952974,0.0,0.0,0.0,1.0
e192412645,0.0,0.0,0.0,0.0
e180608573,0.0,0.0,0.0,0.0
e192211647,1.0,1.0,1.0,1.0
e180326127,0.0,0.0,0.0,0.0
e192224285,0.0,0.0,0.0,0.0
e192444925,1.0,1.0,1.0,1.0
e192087037,0.0,0.0,0.0,0.0
e192097843,0.0,0.0,0.0,0.0
e171354245,0.0,0.0,0.0,0.0
e192194697,0.0,0.0,1.0,1.0
e192432678,0.0,0.0,0.0,0.0
e139202529,0.0,0.0,0.0,0.0
e192425452,0.0,0.0,0.0,0.0
e180617567,0.0,0.0,0.0,0.0
e192343199,0.0,0.0,0.0,0.0
e179424521,0.0,1.0,0.0,1.0
e192098081192403232,0.0,0.0,0.0,0.0
e143350509,0.0,0.0,0.0,0.0
e44253662,0.0,0.0,0.0,0.0
e138627639,0.0,0.0,0.0,0.0
e148142837,0.0,0.0,0.0,0.0
e192326139180348407,0.0,0.0,0.0,0.0
e192087579,0.0,0.0,0.0,0.0
e192306204,0.0,0.0,0.0,0.0
e147386684,0.0,0.0,0.0,0.0
e192364401,0.0,0.0,0.0,0.0
e149195943,0.0,0.0,0.0,0.0
e147949735,0.0,0.0,0.0,0.0
e192363559,1.0,1.0,1.0,1.0
e192443749,0.0,0.0,0.0,0.0
e180472305,0.0,0.0,0.0,0.0
e192353649,1.0,1.0,1.0,1.0
e147606427,0.0,0.0,0.0,0.0
e180650139,0.0,0.0,0.0,0.0
e39000334,0.0,0.0,0.0,0.0
e192445539,0.0,0.0,0.0,0.0
e180653890,0.0,0.0,0.0,0.0
e180366345,0.0,0.0,0.0,0.0
e192445711,0.0,0.0,0.0,0.0
e147405206192107721151194429,0.0,0.0,0.0,0.0
e148937334,0.0,0.0,0.0,0.0
e29688722,0.0,0.0,0.0,0.0
e180477783,0.0,0.0,0.0,0.0
e192195427,0.0,0.0,0.0,0.0
e192442624,0.0,0.0,0.0,0.0
e180453113,0.0,0.0,0.0,0.0
e192098547,1.0,0.0,1.0,0.0
e192218533,0.0,0.0,0.0,0.0
e192082233,1.0,0.0,1.0,0.0
e192441914180294657151192321,1.0,1.0,1.0,1.0
e192103663151192555,0.0,0.0,1.0,1.0
e146634732,0.0,0.0,0.0,0.0
e149417456,1.0,0.0,0.0,0.0
e192398067,0.0,0.0,0.0,0.0
e180652042,0.0,0.0,0.0,0.0
e192433846192440070,0.0,0.0,0.0,0.0
e192199237,0.0,0.0,0.0,0.0
e192241908,0.0,0.0,0.0,0.0
e192445091,0.0,0.0,0.0,0.0
e148251625,0.0,0.0,0.0,0.0
e148514945,0.0,0.0,0.0,0.0
e192443614,0.0,0.0,0.0,0.0
e192372878,0.0,0.0,0.0,0.0
e192361645,1.0,1.0,1.0,1.0
e192413051,0.0,0.0,0.0,0.0
e192032753,0.0,0.0,0.0,0.0
e192087043,0.0,0.0,0.0,0.0
e182850158,0.0,0.0,0.0,0.0
e192415499,0.0,0.0,0.0,0.0
e192076225,0.0,0.0,0.0,0.0
e14848848713958238527253118149754577146838364192443973180377065192099067,1.0,1.0,1.0,1.0
e36612306,0.0,0.0,0.0,0.0
e38773972,0.0,0.0,0.0,0.0
e149419544,0.0,0.0,0.0,0.0
e149535676,0.0,0.0,0.0,0.0
e150072708,0.0,0.0,0.0,0.0
e192444621,0.0,0.0,0.0,0.0
e1800702438137060,1.0,0.0,0.0,0.0
e150148924,0.0,0.0,0.0,0.0
e179699323,0.0,0.0,0.0,0.0
e147595007,0.0,0.0,0.0,0.0
e163284627,0.0,0.0,0.0,0.0
e38213220,0.0,0.0,0.0,0.0
e192104043,0.0,0.0,0.0,0.0
e192437432,0.0,0.0,0.0,0.0
e180351825,0.0,0.0,0.0,0.0
e149253631,0.0,0.0,0.0,0.0
e192330921,0.0,0.0,0.0,0.0
e150299671,0.0,0.0,0.0,0.0
e180149299,0.0,0.0,0.0,0.0
e192425330,0.0,0.0,0.0,0.0
e180323611,0.0,0.0,0.0,0.0
e180377571,0.0,0.0,0.0,0.0
e180369571,0.0,0.0,0.0,0.0
e192188895,0.0,0.0,0.0,0.0
e179878409,0.0,0.0,1.0,1.0
e180658356,0.0,0.0,0.0,0.0
e180465977,0.0,0.0,0.0,0.0
e192068509,0.0,0.0,0.0,0.0
e149442892,0.0,0.0,0.0,0.0
e192078661,0.0,0.0,0.0,0.0
e192092015,0.0,0.0,0.0,0.0
e148203789,0.0,0.0,0.0,0.0
e180580893,0.0,0.0,0.0,0.0
e192446079,0.0,0.0,0.0,0.0
e192091257158392167158392175,0.0,0.0,0.0,0.0
e192446085,0.0,0.0,0.0,0.0
e150381303,0.0,0.0,0.0,0.0
e149770423,0.0,0.0,0.0,0.0
e180328569,0.0,0.0,0.0,0.0
e192361675,0.0,0.0,0.0,0.0
e180362131,0.0,0.0,0.0,0.0
e149618376150539405,1.0,0.0,1.0,1.0
e149311319,0.0,0.0,0.0,0.0
e180681340192444437,1.0,1.0,1.0,1.0
e149720500,0.0,0.0,0.0,0.0
e173379161149391658,0.0,0.0,1.0,0.0
e6606802,0.0,0.0,0.0,0.0
e149381462,0.0,0.0,0.0,0.0
e149577112,0.0,0.0,0.0,0.0
e180367187,0.0,0.0,0.0,0.0
e158392183,0.0,0.0,0.0,0.0
e192424636,0.0,0.0,0.0,0.0
e36461916,0.0,0.0,0.0,0.0
e192326389,0.0,0.0,0.0,0.0
e37506286,0.0,0.0,0.0,0.0
e182604148,0.0,0.0,0.0,0.0
e192442210149331191192443024,1.0,1.0,1.0,1.0
e147556349,0.0,0.0,0.0,0.0
e192444905,0.0,0.0,0.0,0.0
e192101499,0.0,0.0,0.0,0.0
e148705968,0.0,0.0,0.0,0.0
e192446047,0.0,0.0,0.0,0.0
e192445581,0.0,0.0,0.0,0.0
e162469685,0.0,0.0,0.0,0.0
e180362429180362433151190257,0.0,1.0,1.0,1.0
e180523029,1.0,1.0,1.0,1.0
e180673958,0.0,0.0,0.0,0.0
e180638605,1.0,1.0,0.0,0.0
e150107724,0.0,0.0,0.0,0.0
e148240009,0.0,0.0,0.0,0.0
e180626727,0.0,0.0,0.0,0.0
e192080295,0.0,0.0,0.0,0.0
e192299794,0.0,0.0,0.0,0.0
e150368671138952295,0.0,0.0,0.0,0.0
e147776755,0.0,0.0,0.0,0.0
e192322196,0.0,0.0,0.0,0.0
e192344981,0.0,0.0,0.0,0.0
e34783604,0.0,0.0,0.0,0.0
e180374469,1.0,1.0,1.0,1.0
e180357699,0.0,0.0,0.0,0.0
e180619357,0.0,0.0,0.0,0.0
e144140383,0.0,0.0,0.0,0.0
e192446155,0.0,0.0,0.0,0.0
